example_id,pair_id,task_type,variant_type,baseline_prompt,compare_prompt,pooling,layer,cosine_similarity,cosine_distance
clean_mediation_001_abl_conf_removed,pair_001,clean_mediation,confounder_removed,direct,mechanistic,final_token,0,1.0,0.0
clean_mediation_001_abl_conf_removed,pair_001,clean_mediation,confounder_removed,direct,mechanistic,final_token,1,0.997789740562439,0.002210259437561035
clean_mediation_001_abl_conf_removed,pair_001,clean_mediation,confounder_removed,direct,mechanistic,final_token,2,0.9823139905929565,0.017686009407043457
clean_mediation_001_abl_conf_removed,pair_001,clean_mediation,confounder_removed,direct,mechanistic,final_token,3,0.9647088646888733,0.03529113531112671
clean_mediation_001_abl_conf_removed,pair_001,clean_mediation,confounder_removed,direct,mechanistic,final_token,4,0.936518132686615,0.06348186731338501
clean_mediation_001_abl_conf_removed,pair_001,clean_mediation,confounder_removed,direct,mechanistic,final_token,5,0.9517822861671448,0.048217713832855225
clean_mediation_001_abl_conf_removed,pair_001,clean_mediation,confounder_removed,direct,mechanistic,final_token,6,0.968156099319458,0.03184390068054199
clean_mediation_001_abl_conf_removed,pair_001,clean_mediation,confounder_removed,direct,confounding_aware,final_token,0,1.0,0.0
clean_mediation_001_abl_conf_removed,pair_001,clean_mediation,confounder_removed,direct,confounding_aware,final_token,1,0.9985400438308716,0.001459956169128418
clean_mediation_001_abl_conf_removed,pair_001,clean_mediation,confounder_removed,direct,confounding_aware,final_token,2,0.9822661280632019,0.017733871936798096
clean_mediation_001_abl_conf_removed,pair_001,clean_mediation,confounder_removed,direct,confounding_aware,final_token,3,0.9625834822654724,0.03741651773452759
clean_mediation_001_abl_conf_removed,pair_001,clean_mediation,confounder_removed,direct,confounding_aware,final_token,4,0.9556686878204346,0.04433131217956543
clean_mediation_001_abl_conf_removed,pair_001,clean_mediation,confounder_removed,direct,confounding_aware,final_token,5,0.9633590579032898,0.036640942096710205
clean_mediation_001_abl_conf_removed,pair_001,clean_mediation,confounder_removed,direct,confounding_aware,final_token,6,0.972493052482605,0.02750694751739502
clean_mediation_001_abl_conf_removed,pair_001,clean_mediation,confounder_removed,direct,adversarial,final_token,0,1.0,0.0
clean_mediation_001_abl_conf_removed,pair_001,clean_mediation,confounder_removed,direct,adversarial,final_token,1,0.9978259801864624,0.0021740198135375977
clean_mediation_001_abl_conf_removed,pair_001,clean_mediation,confounder_removed,direct,adversarial,final_token,2,0.9850409626960754,0.01495903730392456
clean_mediation_001_abl_conf_removed,pair_001,clean_mediation,confounder_removed,direct,adversarial,final_token,3,0.9648644328117371,0.03513556718826294
clean_mediation_001_abl_conf_removed,pair_001,clean_mediation,confounder_removed,direct,adversarial,final_token,4,0.9647099375724792,0.03529006242752075
clean_mediation_001_abl_conf_removed,pair_001,clean_mediation,confounder_removed,direct,adversarial,final_token,5,0.9678033590316772,0.032196640968322754
clean_mediation_001_abl_conf_removed,pair_001,clean_mediation,confounder_removed,direct,adversarial,final_token,6,0.9652091860771179,0.03479081392288208
clean_mediation_001_abl_med_removed,pair_001,clean_mediation,mediator_removed,direct,mechanistic,final_token,0,1.0,0.0
clean_mediation_001_abl_med_removed,pair_001,clean_mediation,mediator_removed,direct,mechanistic,final_token,1,0.9977742433547974,0.0022257566452026367
clean_mediation_001_abl_med_removed,pair_001,clean_mediation,mediator_removed,direct,mechanistic,final_token,2,0.98223477602005,0.01776522397994995
clean_mediation_001_abl_med_removed,pair_001,clean_mediation,mediator_removed,direct,mechanistic,final_token,3,0.964780330657959,0.035219669342041016
clean_mediation_001_abl_med_removed,pair_001,clean_mediation,mediator_removed,direct,mechanistic,final_token,4,0.9388375282287598,0.061162471771240234
clean_mediation_001_abl_med_removed,pair_001,clean_mediation,mediator_removed,direct,mechanistic,final_token,5,0.954748809337616,0.04525119066238403
clean_mediation_001_abl_med_removed,pair_001,clean_mediation,mediator_removed,direct,mechanistic,final_token,6,0.9694022536277771,0.0305977463722229
clean_mediation_001_abl_med_removed,pair_001,clean_mediation,mediator_removed,direct,confounding_aware,final_token,0,1.0,0.0
clean_mediation_001_abl_med_removed,pair_001,clean_mediation,mediator_removed,direct,confounding_aware,final_token,1,0.9985361099243164,0.0014638900756835938
clean_mediation_001_abl_med_removed,pair_001,clean_mediation,mediator_removed,direct,confounding_aware,final_token,2,0.9823081493377686,0.017691850662231445
clean_mediation_001_abl_med_removed,pair_001,clean_mediation,mediator_removed,direct,confounding_aware,final_token,3,0.962314784526825,0.03768521547317505
clean_mediation_001_abl_med_removed,pair_001,clean_mediation,mediator_removed,direct,confounding_aware,final_token,4,0.9558879137039185,0.04411208629608154
clean_mediation_001_abl_med_removed,pair_001,clean_mediation,mediator_removed,direct,confounding_aware,final_token,5,0.9635348320007324,0.03646516799926758
clean_mediation_001_abl_med_removed,pair_001,clean_mediation,mediator_removed,direct,confounding_aware,final_token,6,0.9725618958473206,0.027438104152679443
clean_mediation_001_abl_med_removed,pair_001,clean_mediation,mediator_removed,direct,adversarial,final_token,0,1.0,0.0
clean_mediation_001_abl_med_removed,pair_001,clean_mediation,mediator_removed,direct,adversarial,final_token,1,0.9977805614471436,0.0022194385528564453
clean_mediation_001_abl_med_removed,pair_001,clean_mediation,mediator_removed,direct,adversarial,final_token,2,0.985418438911438,0.014581561088562012
clean_mediation_001_abl_med_removed,pair_001,clean_mediation,mediator_removed,direct,adversarial,final_token,3,0.9647068977355957,0.0352931022644043
clean_mediation_001_abl_med_removed,pair_001,clean_mediation,mediator_removed,direct,adversarial,final_token,4,0.964738667011261,0.035261332988739014
clean_mediation_001_abl_med_removed,pair_001,clean_mediation,mediator_removed,direct,adversarial,final_token,5,0.9673718214035034,0.03262817859649658
clean_mediation_001_abl_med_removed,pair_001,clean_mediation,mediator_removed,direct,adversarial,final_token,6,0.9655965566635132,0.034403443336486816
clean_mediation_001_abl_randomized,pair_001,clean_mediation,randomized_design,direct,mechanistic,final_token,0,1.0,0.0
clean_mediation_001_abl_randomized,pair_001,clean_mediation,randomized_design,direct,mechanistic,final_token,1,0.9977593421936035,0.0022406578063964844
clean_mediation_001_abl_randomized,pair_001,clean_mediation,randomized_design,direct,mechanistic,final_token,2,0.9818480014801025,0.01815199851989746
clean_mediation_001_abl_randomized,pair_001,clean_mediation,randomized_design,direct,mechanistic,final_token,3,0.9641027450561523,0.035897254943847656
clean_mediation_001_abl_randomized,pair_001,clean_mediation,randomized_design,direct,mechanistic,final_token,4,0.9375638365745544,0.06243616342544556
clean_mediation_001_abl_randomized,pair_001,clean_mediation,randomized_design,direct,mechanistic,final_token,5,0.953367292881012,0.04663270711898804
clean_mediation_001_abl_randomized,pair_001,clean_mediation,randomized_design,direct,mechanistic,final_token,6,0.9682550430297852,0.031744956970214844
clean_mediation_001_abl_randomized,pair_001,clean_mediation,randomized_design,direct,confounding_aware,final_token,0,1.0,0.0
clean_mediation_001_abl_randomized,pair_001,clean_mediation,randomized_design,direct,confounding_aware,final_token,1,0.9984884858131409,0.0015115141868591309
clean_mediation_001_abl_randomized,pair_001,clean_mediation,randomized_design,direct,confounding_aware,final_token,2,0.981477677822113,0.018522322177886963
clean_mediation_001_abl_randomized,pair_001,clean_mediation,randomized_design,direct,confounding_aware,final_token,3,0.9611626267433167,0.03883737325668335
clean_mediation_001_abl_randomized,pair_001,clean_mediation,randomized_design,direct,confounding_aware,final_token,4,0.9553495645523071,0.04465043544769287
clean_mediation_001_abl_randomized,pair_001,clean_mediation,randomized_design,direct,confounding_aware,final_token,5,0.9634465575218201,0.03655344247817993
clean_mediation_001_abl_randomized,pair_001,clean_mediation,randomized_design,direct,confounding_aware,final_token,6,0.9717298746109009,0.02827012538909912
clean_mediation_001_abl_randomized,pair_001,clean_mediation,randomized_design,direct,adversarial,final_token,0,1.0,0.0
clean_mediation_001_abl_randomized,pair_001,clean_mediation,randomized_design,direct,adversarial,final_token,1,0.9977973699569702,0.002202630043029785
clean_mediation_001_abl_randomized,pair_001,clean_mediation,randomized_design,direct,adversarial,final_token,2,0.9848825335502625,0.015117466449737549
clean_mediation_001_abl_randomized,pair_001,clean_mediation,randomized_design,direct,adversarial,final_token,3,0.9633476138114929,0.03665238618850708
clean_mediation_001_abl_randomized,pair_001,clean_mediation,randomized_design,direct,adversarial,final_token,4,0.9643083810806274,0.03569161891937256
clean_mediation_001_abl_randomized,pair_001,clean_mediation,randomized_design,direct,adversarial,final_token,5,0.9664077162742615,0.033592283725738525
clean_mediation_001_abl_randomized,pair_001,clean_mediation,randomized_design,direct,adversarial,final_token,6,0.9638925790786743,0.036107420921325684
clean_mediation_001_abl_selection_added,pair_001,clean_mediation,selection_bias_added,direct,mechanistic,final_token,0,1.0,0.0
clean_mediation_001_abl_selection_added,pair_001,clean_mediation,selection_bias_added,direct,mechanistic,final_token,1,0.998235285282135,0.0017647147178649902
clean_mediation_001_abl_selection_added,pair_001,clean_mediation,selection_bias_added,direct,mechanistic,final_token,2,0.9840521216392517,0.01594787836074829
clean_mediation_001_abl_selection_added,pair_001,clean_mediation,selection_bias_added,direct,mechanistic,final_token,3,0.9643802642822266,0.03561973571777344
clean_mediation_001_abl_selection_added,pair_001,clean_mediation,selection_bias_added,direct,mechanistic,final_token,4,0.9423470497131348,0.057652950286865234
clean_mediation_001_abl_selection_added,pair_001,clean_mediation,selection_bias_added,direct,mechanistic,final_token,5,0.9576188325881958,0.0423811674118042
clean_mediation_001_abl_selection_added,pair_001,clean_mediation,selection_bias_added,direct,mechanistic,final_token,6,0.9713870882987976,0.028612911701202393
clean_mediation_001_abl_selection_added,pair_001,clean_mediation,selection_bias_added,direct,confounding_aware,final_token,0,1.0,0.0
clean_mediation_001_abl_selection_added,pair_001,clean_mediation,selection_bias_added,direct,confounding_aware,final_token,1,0.9986492395401001,0.0013507604598999023
clean_mediation_001_abl_selection_added,pair_001,clean_mediation,selection_bias_added,direct,confounding_aware,final_token,2,0.9825525879859924,0.01744741201400757
clean_mediation_001_abl_selection_added,pair_001,clean_mediation,selection_bias_added,direct,confounding_aware,final_token,3,0.9602009057998657,0.03979909420013428
clean_mediation_001_abl_selection_added,pair_001,clean_mediation,selection_bias_added,direct,confounding_aware,final_token,4,0.9568647742271423,0.043135225772857666
clean_mediation_001_abl_selection_added,pair_001,clean_mediation,selection_bias_added,direct,confounding_aware,final_token,5,0.9648258090019226,0.03517419099807739
clean_mediation_001_abl_selection_added,pair_001,clean_mediation,selection_bias_added,direct,confounding_aware,final_token,6,0.9727118015289307,0.027288198471069336
clean_mediation_001_abl_selection_added,pair_001,clean_mediation,selection_bias_added,direct,adversarial,final_token,0,1.0,0.0
clean_mediation_001_abl_selection_added,pair_001,clean_mediation,selection_bias_added,direct,adversarial,final_token,1,0.9981982707977295,0.0018017292022705078
clean_mediation_001_abl_selection_added,pair_001,clean_mediation,selection_bias_added,direct,adversarial,final_token,2,0.9866781830787659,0.01332181692123413
clean_mediation_001_abl_selection_added,pair_001,clean_mediation,selection_bias_added,direct,adversarial,final_token,3,0.9640435576438904,0.03595644235610962
clean_mediation_001_abl_selection_added,pair_001,clean_mediation,selection_bias_added,direct,adversarial,final_token,4,0.964813768863678,0.03518623113632202
clean_mediation_001_abl_selection_added,pair_001,clean_mediation,selection_bias_added,direct,adversarial,final_token,5,0.9674171209335327,0.032582879066467285
clean_mediation_001_abl_selection_added,pair_001,clean_mediation,selection_bias_added,direct,adversarial,final_token,6,0.9651564359664917,0.0348435640335083
clean_mediation_001_orig,pair_001,clean_mediation,original,direct,mechanistic,final_token,0,1.0,0.0
clean_mediation_001_orig,pair_001,clean_mediation,original,direct,mechanistic,final_token,1,0.9982036352157593,0.0017963647842407227
clean_mediation_001_orig,pair_001,clean_mediation,original,direct,mechanistic,final_token,2,0.9817003607749939,0.018299639225006104
clean_mediation_001_orig,pair_001,clean_mediation,original,direct,mechanistic,final_token,3,0.9653331637382507,0.03466683626174927
clean_mediation_001_orig,pair_001,clean_mediation,original,direct,mechanistic,final_token,4,0.9419586062431335,0.058041393756866455
clean_mediation_001_orig,pair_001,clean_mediation,original,direct,mechanistic,final_token,5,0.9565172791481018,0.04348272085189819
clean_mediation_001_orig,pair_001,clean_mediation,original,direct,mechanistic,final_token,6,0.968308687210083,0.03169131278991699
clean_mediation_001_orig,pair_001,clean_mediation,original,direct,confounding_aware,final_token,0,1.0,0.0
clean_mediation_001_orig,pair_001,clean_mediation,original,direct,confounding_aware,final_token,1,0.9986075758934021,0.0013924241065979004
clean_mediation_001_orig,pair_001,clean_mediation,original,direct,confounding_aware,final_token,2,0.9822841286659241,0.017715871334075928
clean_mediation_001_orig,pair_001,clean_mediation,original,direct,confounding_aware,final_token,3,0.9629861116409302,0.037013888359069824
clean_mediation_001_orig,pair_001,clean_mediation,original,direct,confounding_aware,final_token,4,0.9589016437530518,0.04109835624694824
clean_mediation_001_orig,pair_001,clean_mediation,original,direct,confounding_aware,final_token,5,0.9647893905639648,0.035210609436035156
clean_mediation_001_orig,pair_001,clean_mediation,original,direct,confounding_aware,final_token,6,0.9717683792114258,0.02823162078857422
clean_mediation_001_orig,pair_001,clean_mediation,original,direct,adversarial,final_token,0,1.0,0.0
clean_mediation_001_orig,pair_001,clean_mediation,original,direct,adversarial,final_token,1,0.9982171058654785,0.0017828941345214844
clean_mediation_001_orig,pair_001,clean_mediation,original,direct,adversarial,final_token,2,0.9856647849082947,0.014335215091705322
clean_mediation_001_orig,pair_001,clean_mediation,original,direct,adversarial,final_token,3,0.9651827812194824,0.03481721878051758
clean_mediation_001_orig,pair_001,clean_mediation,original,direct,adversarial,final_token,4,0.9661515951156616,0.03384840488433838
clean_mediation_001_orig,pair_001,clean_mediation,original,direct,adversarial,final_token,5,0.9670987725257874,0.032901227474212646
clean_mediation_001_orig,pair_001,clean_mediation,original,direct,adversarial,final_token,6,0.9634950160980225,0.03650498390197754
clean_mediation_005_orig,pair_005,clean_mediation,original,direct,mechanistic,final_token,0,1.0,0.0
clean_mediation_005_orig,pair_005,clean_mediation,original,direct,mechanistic,final_token,1,0.9980123043060303,0.0019876956939697266
clean_mediation_005_orig,pair_005,clean_mediation,original,direct,mechanistic,final_token,2,0.9809149503707886,0.019085049629211426
clean_mediation_005_orig,pair_005,clean_mediation,original,direct,mechanistic,final_token,3,0.9636850357055664,0.036314964294433594
clean_mediation_005_orig,pair_005,clean_mediation,original,direct,mechanistic,final_token,4,0.9441233277320862,0.05587667226791382
clean_mediation_005_orig,pair_005,clean_mediation,original,direct,mechanistic,final_token,5,0.9592792391777039,0.04072076082229614
clean_mediation_005_orig,pair_005,clean_mediation,original,direct,mechanistic,final_token,6,0.9694558382034302,0.030544161796569824
clean_mediation_005_orig,pair_005,clean_mediation,original,direct,confounding_aware,final_token,0,1.0,0.0
clean_mediation_005_orig,pair_005,clean_mediation,original,direct,confounding_aware,final_token,1,0.9986233115196228,0.0013766884803771973
clean_mediation_005_orig,pair_005,clean_mediation,original,direct,confounding_aware,final_token,2,0.980597972869873,0.019402027130126953
clean_mediation_005_orig,pair_005,clean_mediation,original,direct,confounding_aware,final_token,3,0.9613499641418457,0.0386500358581543
clean_mediation_005_orig,pair_005,clean_mediation,original,direct,confounding_aware,final_token,4,0.9571519494056702,0.042848050594329834
clean_mediation_005_orig,pair_005,clean_mediation,original,direct,confounding_aware,final_token,5,0.963462769985199,0.036537230014801025
clean_mediation_005_orig,pair_005,clean_mediation,original,direct,confounding_aware,final_token,6,0.970425009727478,0.029574990272521973
clean_mediation_005_orig,pair_005,clean_mediation,original,direct,adversarial,final_token,0,1.0,0.0
clean_mediation_005_orig,pair_005,clean_mediation,original,direct,adversarial,final_token,1,0.9980199337005615,0.0019800662994384766
clean_mediation_005_orig,pair_005,clean_mediation,original,direct,adversarial,final_token,2,0.984464168548584,0.015535831451416016
clean_mediation_005_orig,pair_005,clean_mediation,original,direct,adversarial,final_token,3,0.9642441272735596,0.03575587272644043
clean_mediation_005_orig,pair_005,clean_mediation,original,direct,adversarial,final_token,4,0.9652191996574402,0.034780800342559814
clean_mediation_005_orig,pair_005,clean_mediation,original,direct,adversarial,final_token,5,0.9657215476036072,0.03427845239639282
clean_mediation_005_orig,pair_005,clean_mediation,original,direct,adversarial,final_token,6,0.9623410701751709,0.0376589298248291
clean_mediation_009_orig,pair_009,clean_mediation,original,direct,mechanistic,final_token,0,1.0,0.0
clean_mediation_009_orig,pair_009,clean_mediation,original,direct,mechanistic,final_token,1,0.9977616667747498,0.002238333225250244
clean_mediation_009_orig,pair_009,clean_mediation,original,direct,mechanistic,final_token,2,0.980928361415863,0.019071638584136963
clean_mediation_009_orig,pair_009,clean_mediation,original,direct,mechanistic,final_token,3,0.9649314880371094,0.035068511962890625
clean_mediation_009_orig,pair_009,clean_mediation,original,direct,mechanistic,final_token,4,0.9424658417701721,0.05753415822982788
clean_mediation_009_orig,pair_009,clean_mediation,original,direct,mechanistic,final_token,5,0.9575424790382385,0.042457520961761475
clean_mediation_009_orig,pair_009,clean_mediation,original,direct,mechanistic,final_token,6,0.9684358239173889,0.031564176082611084
clean_mediation_009_orig,pair_009,clean_mediation,original,direct,confounding_aware,final_token,0,1.0,0.0
clean_mediation_009_orig,pair_009,clean_mediation,original,direct,confounding_aware,final_token,1,0.9984706044197083,0.001529395580291748
clean_mediation_009_orig,pair_009,clean_mediation,original,direct,confounding_aware,final_token,2,0.9813361167907715,0.018663883209228516
clean_mediation_009_orig,pair_009,clean_mediation,original,direct,confounding_aware,final_token,3,0.9628033638000488,0.03719663619995117
clean_mediation_009_orig,pair_009,clean_mediation,original,direct,confounding_aware,final_token,4,0.957374095916748,0.04262590408325195
clean_mediation_009_orig,pair_009,clean_mediation,original,direct,confounding_aware,final_token,5,0.9634979963302612,0.03650200366973877
clean_mediation_009_orig,pair_009,clean_mediation,original,direct,confounding_aware,final_token,6,0.9705197811126709,0.0294802188873291
clean_mediation_009_orig,pair_009,clean_mediation,original,direct,adversarial,final_token,0,1.0,0.0
clean_mediation_009_orig,pair_009,clean_mediation,original,direct,adversarial,final_token,1,0.9979612827301025,0.002038717269897461
clean_mediation_009_orig,pair_009,clean_mediation,original,direct,adversarial,final_token,2,0.9853414297103882,0.014658570289611816
clean_mediation_009_orig,pair_009,clean_mediation,original,direct,adversarial,final_token,3,0.9652902483940125,0.03470975160598755
clean_mediation_009_orig,pair_009,clean_mediation,original,direct,adversarial,final_token,4,0.9658709764480591,0.03412902355194092
clean_mediation_009_orig,pair_009,clean_mediation,original,direct,adversarial,final_token,5,0.9661405682563782,0.033859431743621826
clean_mediation_009_orig,pair_009,clean_mediation,original,direct,adversarial,final_token,6,0.9620327353477478,0.0379672646522522
clean_mediation_013_orig,pair_013,clean_mediation,original,direct,mechanistic,final_token,0,1.0,0.0
clean_mediation_013_orig,pair_013,clean_mediation,original,direct,mechanistic,final_token,1,0.9979526400566101,0.0020473599433898926
clean_mediation_013_orig,pair_013,clean_mediation,original,direct,mechanistic,final_token,2,0.981138288974762,0.018861711025238037
clean_mediation_013_orig,pair_013,clean_mediation,original,direct,mechanistic,final_token,3,0.9644638299942017,0.03553617000579834
clean_mediation_013_orig,pair_013,clean_mediation,original,direct,mechanistic,final_token,4,0.9418054223060608,0.05819457769393921
clean_mediation_013_orig,pair_013,clean_mediation,original,direct,mechanistic,final_token,5,0.9573882818222046,0.04261171817779541
clean_mediation_013_orig,pair_013,clean_mediation,original,direct,mechanistic,final_token,6,0.9682844281196594,0.031715571880340576
clean_mediation_013_orig,pair_013,clean_mediation,original,direct,confounding_aware,final_token,0,1.0,0.0
clean_mediation_013_orig,pair_013,clean_mediation,original,direct,confounding_aware,final_token,1,0.9986142516136169,0.0013857483863830566
clean_mediation_013_orig,pair_013,clean_mediation,original,direct,confounding_aware,final_token,2,0.9809777736663818,0.019022226333618164
clean_mediation_013_orig,pair_013,clean_mediation,original,direct,confounding_aware,final_token,3,0.9624788761138916,0.0375211238861084
clean_mediation_013_orig,pair_013,clean_mediation,original,direct,confounding_aware,final_token,4,0.9563400149345398,0.043659985065460205
clean_mediation_013_orig,pair_013,clean_mediation,original,direct,confounding_aware,final_token,5,0.962798535823822,0.03720146417617798
clean_mediation_013_orig,pair_013,clean_mediation,original,direct,confounding_aware,final_token,6,0.9699506759643555,0.03004932403564453
clean_mediation_013_orig,pair_013,clean_mediation,original,direct,adversarial,final_token,0,1.0,0.0
clean_mediation_013_orig,pair_013,clean_mediation,original,direct,adversarial,final_token,1,0.997918426990509,0.002081573009490967
clean_mediation_013_orig,pair_013,clean_mediation,original,direct,adversarial,final_token,2,0.9846120476722717,0.015387952327728271
clean_mediation_013_orig,pair_013,clean_mediation,original,direct,adversarial,final_token,3,0.9650408625602722,0.03495913743972778
clean_mediation_013_orig,pair_013,clean_mediation,original,direct,adversarial,final_token,4,0.9652552008628845,0.03474479913711548
clean_mediation_013_orig,pair_013,clean_mediation,original,direct,adversarial,final_token,5,0.9653364419937134,0.03466355800628662
clean_mediation_013_orig,pair_013,clean_mediation,original,direct,adversarial,final_token,6,0.9613912105560303,0.03860878944396973
clean_mediation_017_orig,pair_017,clean_mediation,original,direct,mechanistic,final_token,0,1.0,0.0
clean_mediation_017_orig,pair_017,clean_mediation,original,direct,mechanistic,final_token,1,0.9979735612869263,0.0020264387130737305
clean_mediation_017_orig,pair_017,clean_mediation,original,direct,mechanistic,final_token,2,0.981463611125946,0.018536388874053955
clean_mediation_017_orig,pair_017,clean_mediation,original,direct,mechanistic,final_token,3,0.9654016494750977,0.034598350524902344
clean_mediation_017_orig,pair_017,clean_mediation,original,direct,mechanistic,final_token,4,0.9411609768867493,0.05883902311325073
clean_mediation_017_orig,pair_017,clean_mediation,original,direct,mechanistic,final_token,5,0.956121027469635,0.04387897253036499
clean_mediation_017_orig,pair_017,clean_mediation,original,direct,mechanistic,final_token,6,0.9675993323326111,0.032400667667388916
clean_mediation_017_orig,pair_017,clean_mediation,original,direct,confounding_aware,final_token,0,1.0,0.0
clean_mediation_017_orig,pair_017,clean_mediation,original,direct,confounding_aware,final_token,1,0.9985461235046387,0.0014538764953613281
clean_mediation_017_orig,pair_017,clean_mediation,original,direct,confounding_aware,final_token,2,0.9819455146789551,0.018054485321044922
clean_mediation_017_orig,pair_017,clean_mediation,original,direct,confounding_aware,final_token,3,0.9629693627357483,0.03703063726425171
clean_mediation_017_orig,pair_017,clean_mediation,original,direct,confounding_aware,final_token,4,0.9575213193893433,0.04247868061065674
clean_mediation_017_orig,pair_017,clean_mediation,original,direct,confounding_aware,final_token,5,0.9633805751800537,0.03661942481994629
clean_mediation_017_orig,pair_017,clean_mediation,original,direct,confounding_aware,final_token,6,0.9706709384918213,0.02932906150817871
clean_mediation_017_orig,pair_017,clean_mediation,original,direct,adversarial,final_token,0,1.0,0.0
clean_mediation_017_orig,pair_017,clean_mediation,original,direct,adversarial,final_token,1,0.9980766773223877,0.0019233226776123047
clean_mediation_017_orig,pair_017,clean_mediation,original,direct,adversarial,final_token,2,0.9857990741729736,0.014200925827026367
clean_mediation_017_orig,pair_017,clean_mediation,original,direct,adversarial,final_token,3,0.9654322266578674,0.03456777334213257
clean_mediation_017_orig,pair_017,clean_mediation,original,direct,adversarial,final_token,4,0.9660333395004272,0.033966660499572754
clean_mediation_017_orig,pair_017,clean_mediation,original,direct,adversarial,final_token,5,0.9666707515716553,0.03332924842834473
clean_mediation_017_orig,pair_017,clean_mediation,original,direct,adversarial,final_token,6,0.9625828266143799,0.03741717338562012
clean_mediation_021_orig,pair_021,clean_mediation,original,direct,mechanistic,final_token,0,1.0,0.0
clean_mediation_021_orig,pair_021,clean_mediation,original,direct,mechanistic,final_token,1,0.9978806376457214,0.0021193623542785645
clean_mediation_021_orig,pair_021,clean_mediation,original,direct,mechanistic,final_token,2,0.9807778000831604,0.0192221999168396
clean_mediation_021_orig,pair_021,clean_mediation,original,direct,mechanistic,final_token,3,0.9647791981697083,0.03522080183029175
clean_mediation_021_orig,pair_021,clean_mediation,original,direct,mechanistic,final_token,4,0.9413471221923828,0.05865287780761719
clean_mediation_021_orig,pair_021,clean_mediation,original,direct,mechanistic,final_token,5,0.9567279815673828,0.04327201843261719
clean_mediation_021_orig,pair_021,clean_mediation,original,direct,mechanistic,final_token,6,0.968015193939209,0.031984806060791016
clean_mediation_021_orig,pair_021,clean_mediation,original,direct,confounding_aware,final_token,0,1.0,0.0
clean_mediation_021_orig,pair_021,clean_mediation,original,direct,confounding_aware,final_token,1,0.9985451102256775,0.0014548897743225098
clean_mediation_021_orig,pair_021,clean_mediation,original,direct,confounding_aware,final_token,2,0.9812577366828918,0.018742263317108154
clean_mediation_021_orig,pair_021,clean_mediation,original,direct,confounding_aware,final_token,3,0.9628846049308777,0.037115395069122314
clean_mediation_021_orig,pair_021,clean_mediation,original,direct,confounding_aware,final_token,4,0.9573476910591125,0.04265230894088745
clean_mediation_021_orig,pair_021,clean_mediation,original,direct,confounding_aware,final_token,5,0.9632486701011658,0.03675132989883423
clean_mediation_021_orig,pair_021,clean_mediation,original,direct,confounding_aware,final_token,6,0.970084547996521,0.029915452003479004
clean_mediation_021_orig,pair_021,clean_mediation,original,direct,adversarial,final_token,0,1.0,0.0
clean_mediation_021_orig,pair_021,clean_mediation,original,direct,adversarial,final_token,1,0.9979973435401917,0.0020026564598083496
clean_mediation_021_orig,pair_021,clean_mediation,original,direct,adversarial,final_token,2,0.9847540259361267,0.015245974063873291
clean_mediation_021_orig,pair_021,clean_mediation,original,direct,adversarial,final_token,3,0.9648904204368591,0.03510957956314087
clean_mediation_021_orig,pair_021,clean_mediation,original,direct,adversarial,final_token,4,0.9651059508323669,0.03489404916763306
clean_mediation_021_orig,pair_021,clean_mediation,original,direct,adversarial,final_token,5,0.9650555849075317,0.03494441509246826
clean_mediation_021_orig,pair_021,clean_mediation,original,direct,adversarial,final_token,6,0.9605646729469299,0.03943532705307007
clean_mediation_025_orig,pair_025,clean_mediation,original,direct,mechanistic,final_token,0,1.0,0.0
clean_mediation_025_orig,pair_025,clean_mediation,original,direct,mechanistic,final_token,1,0.9977977871894836,0.0022022128105163574
clean_mediation_025_orig,pair_025,clean_mediation,original,direct,mechanistic,final_token,2,0.9813570976257324,0.018642902374267578
clean_mediation_025_orig,pair_025,clean_mediation,original,direct,mechanistic,final_token,3,0.9649083018302917,0.03509169816970825
clean_mediation_025_orig,pair_025,clean_mediation,original,direct,mechanistic,final_token,4,0.940436065196991,0.05956393480300903
clean_mediation_025_orig,pair_025,clean_mediation,original,direct,mechanistic,final_token,5,0.955305278301239,0.044694721698760986
clean_mediation_025_orig,pair_025,clean_mediation,original,direct,mechanistic,final_token,6,0.9671920537948608,0.03280794620513916
clean_mediation_025_orig,pair_025,clean_mediation,original,direct,confounding_aware,final_token,0,1.0,0.0
clean_mediation_025_orig,pair_025,clean_mediation,original,direct,confounding_aware,final_token,1,0.9984642267227173,0.0015357732772827148
clean_mediation_025_orig,pair_025,clean_mediation,original,direct,confounding_aware,final_token,2,0.9814388155937195,0.018561184406280518
clean_mediation_025_orig,pair_025,clean_mediation,original,direct,confounding_aware,final_token,3,0.9625304937362671,0.03746950626373291
clean_mediation_025_orig,pair_025,clean_mediation,original,direct,confounding_aware,final_token,4,0.9564932584762573,0.043506741523742676
clean_mediation_025_orig,pair_025,clean_mediation,original,direct,confounding_aware,final_token,5,0.9625380635261536,0.037461936473846436
clean_mediation_025_orig,pair_025,clean_mediation,original,direct,confounding_aware,final_token,6,0.9699827432632446,0.03001725673675537
clean_mediation_025_orig,pair_025,clean_mediation,original,direct,adversarial,final_token,0,1.0,0.0
clean_mediation_025_orig,pair_025,clean_mediation,original,direct,adversarial,final_token,1,0.9980318546295166,0.0019681453704833984
clean_mediation_025_orig,pair_025,clean_mediation,original,direct,adversarial,final_token,2,0.9855855703353882,0.014414429664611816
clean_mediation_025_orig,pair_025,clean_mediation,original,direct,adversarial,final_token,3,0.965299129486084,0.034700870513916016
clean_mediation_025_orig,pair_025,clean_mediation,original,direct,adversarial,final_token,4,0.965833306312561,0.034166693687438965
clean_mediation_025_orig,pair_025,clean_mediation,original,direct,adversarial,final_token,5,0.9659788012504578,0.034021198749542236
clean_mediation_025_orig,pair_025,clean_mediation,original,direct,adversarial,final_token,6,0.9619120955467224,0.03808790445327759
clean_mediation_029_orig,pair_029,clean_mediation,original,direct,mechanistic,final_token,0,1.0,0.0
clean_mediation_029_orig,pair_029,clean_mediation,original,direct,mechanistic,final_token,1,0.9980583190917969,0.001941680908203125
clean_mediation_029_orig,pair_029,clean_mediation,original,direct,mechanistic,final_token,2,0.981194794178009,0.018805205821990967
clean_mediation_029_orig,pair_029,clean_mediation,original,direct,mechanistic,final_token,3,0.9657652378082275,0.03423476219177246
clean_mediation_029_orig,pair_029,clean_mediation,original,direct,mechanistic,final_token,4,0.9433813095092773,0.056618690490722656
clean_mediation_029_orig,pair_029,clean_mediation,original,direct,mechanistic,final_token,5,0.9577175974845886,0.04228240251541138
clean_mediation_029_orig,pair_029,clean_mediation,original,direct,mechanistic,final_token,6,0.9684246778488159,0.03157532215118408
clean_mediation_029_orig,pair_029,clean_mediation,original,direct,confounding_aware,final_token,0,1.0,0.0
clean_mediation_029_orig,pair_029,clean_mediation,original,direct,confounding_aware,final_token,1,0.9985823035240173,0.001417696475982666
clean_mediation_029_orig,pair_029,clean_mediation,original,direct,confounding_aware,final_token,2,0.9816216826438904,0.01837831735610962
clean_mediation_029_orig,pair_029,clean_mediation,original,direct,confounding_aware,final_token,3,0.9635868668556213,0.03641313314437866
clean_mediation_029_orig,pair_029,clean_mediation,original,direct,confounding_aware,final_token,4,0.958519697189331,0.041480302810668945
clean_mediation_029_orig,pair_029,clean_mediation,original,direct,confounding_aware,final_token,5,0.9640735983848572,0.03592640161514282
clean_mediation_029_orig,pair_029,clean_mediation,original,direct,confounding_aware,final_token,6,0.971219003200531,0.028780996799468994
clean_mediation_029_orig,pair_029,clean_mediation,original,direct,adversarial,final_token,0,1.0,0.0
clean_mediation_029_orig,pair_029,clean_mediation,original,direct,adversarial,final_token,1,0.9980669021606445,0.0019330978393554688
clean_mediation_029_orig,pair_029,clean_mediation,original,direct,adversarial,final_token,2,0.9856001138687134,0.014399886131286621
clean_mediation_029_orig,pair_029,clean_mediation,original,direct,adversarial,final_token,3,0.9658513069152832,0.0341486930847168
clean_mediation_029_orig,pair_029,clean_mediation,original,direct,adversarial,final_token,4,0.9672654867172241,0.03273451328277588
clean_mediation_029_orig,pair_029,clean_mediation,original,direct,adversarial,final_token,5,0.9675763845443726,0.03242361545562744
clean_mediation_029_orig,pair_029,clean_mediation,original,direct,adversarial,final_token,6,0.9642961025238037,0.03570389747619629
clean_mediation_033_orig,pair_033,clean_mediation,original,direct,mechanistic,final_token,0,1.0,0.0
clean_mediation_033_orig,pair_033,clean_mediation,original,direct,mechanistic,final_token,1,0.9979024529457092,0.0020975470542907715
clean_mediation_033_orig,pair_033,clean_mediation,original,direct,mechanistic,final_token,2,0.9811758399009705,0.01882416009902954
clean_mediation_033_orig,pair_033,clean_mediation,original,direct,mechanistic,final_token,3,0.9644309878349304,0.03556901216506958
clean_mediation_033_orig,pair_033,clean_mediation,original,direct,mechanistic,final_token,4,0.9421268701553345,0.05787312984466553
clean_mediation_033_orig,pair_033,clean_mediation,original,direct,mechanistic,final_token,5,0.9573359489440918,0.0426640510559082
clean_mediation_033_orig,pair_033,clean_mediation,original,direct,mechanistic,final_token,6,0.9690825939178467,0.03091740608215332
clean_mediation_033_orig,pair_033,clean_mediation,original,direct,confounding_aware,final_token,0,1.0,0.0
clean_mediation_033_orig,pair_033,clean_mediation,original,direct,confounding_aware,final_token,1,0.9985912442207336,0.0014087557792663574
clean_mediation_033_orig,pair_033,clean_mediation,original,direct,confounding_aware,final_token,2,0.9809589385986328,0.019041061401367188
clean_mediation_033_orig,pair_033,clean_mediation,original,direct,confounding_aware,final_token,3,0.9620453119277954,0.03795468807220459
clean_mediation_033_orig,pair_033,clean_mediation,original,direct,confounding_aware,final_token,4,0.956122100353241,0.04387789964675903
clean_mediation_033_orig,pair_033,clean_mediation,original,direct,confounding_aware,final_token,5,0.9622209668159485,0.037779033184051514
clean_mediation_033_orig,pair_033,clean_mediation,original,direct,confounding_aware,final_token,6,0.9700440764427185,0.029955923557281494
clean_mediation_033_orig,pair_033,clean_mediation,original,direct,adversarial,final_token,0,1.0,0.0
clean_mediation_033_orig,pair_033,clean_mediation,original,direct,adversarial,final_token,1,0.9979715943336487,0.0020284056663513184
clean_mediation_033_orig,pair_033,clean_mediation,original,direct,adversarial,final_token,2,0.9846700429916382,0.015329957008361816
clean_mediation_033_orig,pair_033,clean_mediation,original,direct,adversarial,final_token,3,0.9649328589439392,0.03506714105606079
clean_mediation_033_orig,pair_033,clean_mediation,original,direct,adversarial,final_token,4,0.9652677774429321,0.03473222255706787
clean_mediation_033_orig,pair_033,clean_mediation,original,direct,adversarial,final_token,5,0.9659604430198669,0.03403955698013306
clean_mediation_033_orig,pair_033,clean_mediation,original,direct,adversarial,final_token,6,0.9619926810264587,0.03800731897354126
clean_mediation_037_orig,pair_037,clean_mediation,original,direct,mechanistic,final_token,0,1.0,0.0
clean_mediation_037_orig,pair_037,clean_mediation,original,direct,mechanistic,final_token,1,0.9981054067611694,0.0018945932388305664
clean_mediation_037_orig,pair_037,clean_mediation,original,direct,mechanistic,final_token,2,0.9810954928398132,0.018904507160186768
clean_mediation_037_orig,pair_037,clean_mediation,original,direct,mechanistic,final_token,3,0.9642518758773804,0.03574812412261963
clean_mediation_037_orig,pair_037,clean_mediation,original,direct,mechanistic,final_token,4,0.9423431754112244,0.057656824588775635
clean_mediation_037_orig,pair_037,clean_mediation,original,direct,mechanistic,final_token,5,0.9574123024940491,0.04258769750595093
clean_mediation_037_orig,pair_037,clean_mediation,original,direct,mechanistic,final_token,6,0.9678846597671509,0.03211534023284912
clean_mediation_037_orig,pair_037,clean_mediation,original,direct,confounding_aware,final_token,0,1.0,0.0
clean_mediation_037_orig,pair_037,clean_mediation,original,direct,confounding_aware,final_token,1,0.99860680103302,0.0013931989669799805
clean_mediation_037_orig,pair_037,clean_mediation,original,direct,confounding_aware,final_token,2,0.9815657138824463,0.01843428611755371
clean_mediation_037_orig,pair_037,clean_mediation,original,direct,confounding_aware,final_token,3,0.9619272947311401,0.03807270526885986
clean_mediation_037_orig,pair_037,clean_mediation,original,direct,confounding_aware,final_token,4,0.9576378464698792,0.04236215353012085
clean_mediation_037_orig,pair_037,clean_mediation,original,direct,confounding_aware,final_token,5,0.9639468193054199,0.03605318069458008
clean_mediation_037_orig,pair_037,clean_mediation,original,direct,confounding_aware,final_token,6,0.9710972309112549,0.028902769088745117
clean_mediation_037_orig,pair_037,clean_mediation,original,direct,adversarial,final_token,0,1.0,0.0
clean_mediation_037_orig,pair_037,clean_mediation,original,direct,adversarial,final_token,1,0.9982158541679382,0.0017841458320617676
clean_mediation_037_orig,pair_037,clean_mediation,original,direct,adversarial,final_token,2,0.9855592250823975,0.014440774917602539
clean_mediation_037_orig,pair_037,clean_mediation,original,direct,adversarial,final_token,3,0.9645531177520752,0.035446882247924805
clean_mediation_037_orig,pair_037,clean_mediation,original,direct,adversarial,final_token,4,0.9664484262466431,0.033551573753356934
clean_mediation_037_orig,pair_037,clean_mediation,original,direct,adversarial,final_token,5,0.9671015739440918,0.0328984260559082
clean_mediation_037_orig,pair_037,clean_mediation,original,direct,adversarial,final_token,6,0.9637011885643005,0.03629881143569946
clean_mediation_041_orig,pair_041,clean_mediation,original,direct,mechanistic,final_token,0,1.0,0.0
clean_mediation_041_orig,pair_041,clean_mediation,original,direct,mechanistic,final_token,1,0.9978674650192261,0.0021325349807739258
clean_mediation_041_orig,pair_041,clean_mediation,original,direct,mechanistic,final_token,2,0.9808142185211182,0.019185781478881836
clean_mediation_041_orig,pair_041,clean_mediation,original,direct,mechanistic,final_token,3,0.9646910429000854,0.03530895709991455
clean_mediation_041_orig,pair_041,clean_mediation,original,direct,mechanistic,final_token,4,0.9414230585098267,0.05857694149017334
clean_mediation_041_orig,pair_041,clean_mediation,original,direct,mechanistic,final_token,5,0.9569281339645386,0.043071866035461426
clean_mediation_041_orig,pair_041,clean_mediation,original,direct,mechanistic,final_token,6,0.9674981236457825,0.03250187635421753
clean_mediation_041_orig,pair_041,clean_mediation,original,direct,confounding_aware,final_token,0,1.0,0.0
clean_mediation_041_orig,pair_041,clean_mediation,original,direct,confounding_aware,final_token,1,0.9985915422439575,0.0014084577560424805
clean_mediation_041_orig,pair_041,clean_mediation,original,direct,confounding_aware,final_token,2,0.9808210134506226,0.01917898654937744
clean_mediation_041_orig,pair_041,clean_mediation,original,direct,confounding_aware,final_token,3,0.9627021551132202,0.037297844886779785
clean_mediation_041_orig,pair_041,clean_mediation,original,direct,confounding_aware,final_token,4,0.956726610660553,0.04327338933944702
clean_mediation_041_orig,pair_041,clean_mediation,original,direct,confounding_aware,final_token,5,0.9628860950469971,0.03711390495300293
clean_mediation_041_orig,pair_041,clean_mediation,original,direct,confounding_aware,final_token,6,0.9697021842002869,0.030297815799713135
clean_mediation_041_orig,pair_041,clean_mediation,original,direct,adversarial,final_token,0,1.0,0.0
clean_mediation_041_orig,pair_041,clean_mediation,original,direct,adversarial,final_token,1,0.997971773147583,0.002028226852416992
clean_mediation_041_orig,pair_041,clean_mediation,original,direct,adversarial,final_token,2,0.9847593903541565,0.015240609645843506
clean_mediation_041_orig,pair_041,clean_mediation,original,direct,adversarial,final_token,3,0.9650793671607971,0.03492063283920288
clean_mediation_041_orig,pair_041,clean_mediation,original,direct,adversarial,final_token,4,0.9657801985740662,0.03421980142593384
clean_mediation_041_orig,pair_041,clean_mediation,original,direct,adversarial,final_token,5,0.9655426740646362,0.03445732593536377
clean_mediation_041_orig,pair_041,clean_mediation,original,direct,adversarial,final_token,6,0.9615568518638611,0.038443148136138916
clean_mediation_045_orig,pair_045,clean_mediation,original,direct,mechanistic,final_token,0,1.0,0.0
clean_mediation_045_orig,pair_045,clean_mediation,original,direct,mechanistic,final_token,1,0.9981825947761536,0.0018174052238464355
clean_mediation_045_orig,pair_045,clean_mediation,original,direct,mechanistic,final_token,2,0.9816263318061829,0.01837366819381714
clean_mediation_045_orig,pair_045,clean_mediation,original,direct,mechanistic,final_token,3,0.9649798274040222,0.03502017259597778
clean_mediation_045_orig,pair_045,clean_mediation,original,direct,mechanistic,final_token,4,0.9424102306365967,0.05758976936340332
clean_mediation_045_orig,pair_045,clean_mediation,original,direct,mechanistic,final_token,5,0.9570814371109009,0.04291856288909912
clean_mediation_045_orig,pair_045,clean_mediation,original,direct,mechanistic,final_token,6,0.9685749411582947,0.03142505884170532
clean_mediation_045_orig,pair_045,clean_mediation,original,direct,confounding_aware,final_token,0,1.0,0.0
clean_mediation_045_orig,pair_045,clean_mediation,original,direct,confounding_aware,final_token,1,0.9985983967781067,0.0014016032218933105
clean_mediation_045_orig,pair_045,clean_mediation,original,direct,confounding_aware,final_token,2,0.9822278022766113,0.017772197723388672
clean_mediation_045_orig,pair_045,clean_mediation,original,direct,confounding_aware,final_token,3,0.962677538394928,0.03732246160507202
clean_mediation_045_orig,pair_045,clean_mediation,original,direct,confounding_aware,final_token,4,0.9589733481407166,0.04102665185928345
clean_mediation_045_orig,pair_045,clean_mediation,original,direct,confounding_aware,final_token,5,0.9650366902351379,0.03496330976486206
clean_mediation_045_orig,pair_045,clean_mediation,original,direct,confounding_aware,final_token,6,0.9718660712242126,0.028133928775787354
clean_mediation_045_orig,pair_045,clean_mediation,original,direct,adversarial,final_token,0,1.0,0.0
clean_mediation_045_orig,pair_045,clean_mediation,original,direct,adversarial,final_token,1,0.9982178807258606,0.0017821192741394043
clean_mediation_045_orig,pair_045,clean_mediation,original,direct,adversarial,final_token,2,0.9855790734291077,0.014420926570892334
clean_mediation_045_orig,pair_045,clean_mediation,original,direct,adversarial,final_token,3,0.9649022817611694,0.035097718238830566
clean_mediation_045_orig,pair_045,clean_mediation,original,direct,adversarial,final_token,4,0.9661087989807129,0.03389120101928711
clean_mediation_045_orig,pair_045,clean_mediation,original,direct,adversarial,final_token,5,0.9670973420143127,0.032902657985687256
clean_mediation_045_orig,pair_045,clean_mediation,original,direct,adversarial,final_token,6,0.9634315967559814,0.036568403244018555
confounding_002_orig,pair_002,confounding,original,direct,mechanistic,final_token,0,1.0,0.0
confounding_002_orig,pair_002,confounding,original,direct,mechanistic,final_token,1,0.9980853796005249,0.0019146203994750977
confounding_002_orig,pair_002,confounding,original,direct,mechanistic,final_token,2,0.9810821413993835,0.018917858600616455
confounding_002_orig,pair_002,confounding,original,direct,mechanistic,final_token,3,0.9654264450073242,0.03457355499267578
confounding_002_orig,pair_002,confounding,original,direct,mechanistic,final_token,4,0.933343231678009,0.06665676832199097
confounding_002_orig,pair_002,confounding,original,direct,mechanistic,final_token,5,0.951099157333374,0.04890084266662598
confounding_002_orig,pair_002,confounding,original,direct,mechanistic,final_token,6,0.9640018939971924,0.03599810600280762
confounding_002_orig,pair_002,confounding,original,direct,confounding_aware,final_token,0,1.0,0.0
confounding_002_orig,pair_002,confounding,original,direct,confounding_aware,final_token,1,0.9986811280250549,0.0013188719749450684
confounding_002_orig,pair_002,confounding,original,direct,confounding_aware,final_token,2,0.9812557101249695,0.018744289875030518
confounding_002_orig,pair_002,confounding,original,direct,confounding_aware,final_token,3,0.9628024697303772,0.0371975302696228
confounding_002_orig,pair_002,confounding,original,direct,confounding_aware,final_token,4,0.9553691744804382,0.04463082551956177
confounding_002_orig,pair_002,confounding,original,direct,confounding_aware,final_token,5,0.9621862769126892,0.03781372308731079
confounding_002_orig,pair_002,confounding,original,direct,confounding_aware,final_token,6,0.9697573781013489,0.030242621898651123
confounding_002_orig,pair_002,confounding,original,direct,adversarial,final_token,0,1.0,0.0
confounding_002_orig,pair_002,confounding,original,direct,adversarial,final_token,1,0.9981481432914734,0.0018518567085266113
confounding_002_orig,pair_002,confounding,original,direct,adversarial,final_token,2,0.9850376844406128,0.014962315559387207
confounding_002_orig,pair_002,confounding,original,direct,adversarial,final_token,3,0.9655043482780457,0.034495651721954346
confounding_002_orig,pair_002,confounding,original,direct,adversarial,final_token,4,0.9647383093833923,0.035261690616607666
confounding_002_orig,pair_002,confounding,original,direct,adversarial,final_token,5,0.9657793641090393,0.03422063589096069
confounding_002_orig,pair_002,confounding,original,direct,adversarial,final_token,6,0.9636738300323486,0.03632616996765137
confounding_006_orig,pair_006,confounding,original,direct,mechanistic,final_token,0,1.0,0.0
confounding_006_orig,pair_006,confounding,original,direct,mechanistic,final_token,1,0.9979586601257324,0.002041339874267578
confounding_006_orig,pair_006,confounding,original,direct,mechanistic,final_token,2,0.9803094267845154,0.01969057321548462
confounding_006_orig,pair_006,confounding,original,direct,mechanistic,final_token,3,0.964006245136261,0.035993754863739014
confounding_006_orig,pair_006,confounding,original,direct,mechanistic,final_token,4,0.9334119558334351,0.06658804416656494
confounding_006_orig,pair_006,confounding,original,direct,mechanistic,final_token,5,0.9518101811408997,0.04818981885910034
confounding_006_orig,pair_006,confounding,original,direct,mechanistic,final_token,6,0.9641883969306946,0.03581160306930542
confounding_006_orig,pair_006,confounding,original,direct,confounding_aware,final_token,0,1.0,0.0
confounding_006_orig,pair_006,confounding,original,direct,confounding_aware,final_token,1,0.9986802339553833,0.0013197660446166992
confounding_006_orig,pair_006,confounding,original,direct,confounding_aware,final_token,2,0.9802244901657104,0.01977550983428955
confounding_006_orig,pair_006,confounding,original,direct,confounding_aware,final_token,3,0.9611803889274597,0.03881961107254028
confounding_006_orig,pair_006,confounding,original,direct,confounding_aware,final_token,4,0.9533886313438416,0.04661136865615845
confounding_006_orig,pair_006,confounding,original,direct,confounding_aware,final_token,5,0.9605094194412231,0.039490580558776855
confounding_006_orig,pair_006,confounding,original,direct,confounding_aware,final_token,6,0.9680284261703491,0.03197157382965088
confounding_006_orig,pair_006,confounding,original,direct,adversarial,final_token,0,1.0,0.0
confounding_006_orig,pair_006,confounding,original,direct,adversarial,final_token,1,0.9981064200401306,0.0018935799598693848
confounding_006_orig,pair_006,confounding,original,direct,adversarial,final_token,2,0.9848681688308716,0.015131831169128418
confounding_006_orig,pair_006,confounding,original,direct,adversarial,final_token,3,0.9642343521118164,0.035765647888183594
confounding_006_orig,pair_006,confounding,original,direct,adversarial,final_token,4,0.9647736549377441,0.03522634506225586
confounding_006_orig,pair_006,confounding,original,direct,adversarial,final_token,5,0.9648016095161438,0.0351983904838562
confounding_006_orig,pair_006,confounding,original,direct,adversarial,final_token,6,0.9625334739685059,0.03746652603149414
confounding_010_orig,pair_010,confounding,original,direct,mechanistic,final_token,0,1.0,0.0
confounding_010_orig,pair_010,confounding,original,direct,mechanistic,final_token,1,0.9981613755226135,0.0018386244773864746
confounding_010_orig,pair_010,confounding,original,direct,mechanistic,final_token,2,0.980857253074646,0.019142746925354004
confounding_010_orig,pair_010,confounding,original,direct,mechanistic,final_token,3,0.9650165438652039,0.03498345613479614
confounding_010_orig,pair_010,confounding,original,direct,mechanistic,final_token,4,0.9359958171844482,0.06400418281555176
confounding_010_orig,pair_010,confounding,original,direct,mechanistic,final_token,5,0.9534986615180969,0.046501338481903076
confounding_010_orig,pair_010,confounding,original,direct,mechanistic,final_token,6,0.9646301865577698,0.035369813442230225
confounding_010_orig,pair_010,confounding,original,direct,confounding_aware,final_token,0,1.0,0.0
confounding_010_orig,pair_010,confounding,original,direct,confounding_aware,final_token,1,0.9986717700958252,0.0013282299041748047
confounding_010_orig,pair_010,confounding,original,direct,confounding_aware,final_token,2,0.9801770448684692,0.01982295513153076
confounding_010_orig,pair_010,confounding,original,direct,confounding_aware,final_token,3,0.9617812037467957,0.038218796253204346
confounding_010_orig,pair_010,confounding,original,direct,confounding_aware,final_token,4,0.9552852511405945,0.04471474885940552
confounding_010_orig,pair_010,confounding,original,direct,confounding_aware,final_token,5,0.9621462821960449,0.03785371780395508
confounding_010_orig,pair_010,confounding,original,direct,confounding_aware,final_token,6,0.9689280390739441,0.031071960926055908
confounding_010_orig,pair_010,confounding,original,direct,adversarial,final_token,0,1.0,0.0
confounding_010_orig,pair_010,confounding,original,direct,adversarial,final_token,1,0.9979871511459351,0.0020128488540649414
confounding_010_orig,pair_010,confounding,original,direct,adversarial,final_token,2,0.9841717481613159,0.015828251838684082
confounding_010_orig,pair_010,confounding,original,direct,adversarial,final_token,3,0.964616060256958,0.03538393974304199
confounding_010_orig,pair_010,confounding,original,direct,adversarial,final_token,4,0.965084433555603,0.03491556644439697
confounding_010_orig,pair_010,confounding,original,direct,adversarial,final_token,5,0.9659344553947449,0.03406554460525513
confounding_010_orig,pair_010,confounding,original,direct,adversarial,final_token,6,0.9634721875190735,0.036527812480926514
confounding_014_orig,pair_014,confounding,original,direct,mechanistic,final_token,0,1.0,0.0
confounding_014_orig,pair_014,confounding,original,direct,mechanistic,final_token,1,0.9979663491249084,0.0020336508750915527
confounding_014_orig,pair_014,confounding,original,direct,mechanistic,final_token,2,0.9802442789077759,0.01975572109222412
confounding_014_orig,pair_014,confounding,original,direct,mechanistic,final_token,3,0.9641331434249878,0.03586685657501221
confounding_014_orig,pair_014,confounding,original,direct,mechanistic,final_token,4,0.9330103397369385,0.06698966026306152
confounding_014_orig,pair_014,confounding,original,direct,mechanistic,final_token,5,0.9515196681022644,0.048480331897735596
confounding_014_orig,pair_014,confounding,original,direct,mechanistic,final_token,6,0.9636247158050537,0.03637528419494629
confounding_014_orig,pair_014,confounding,original,direct,confounding_aware,final_token,0,1.0,0.0
confounding_014_orig,pair_014,confounding,original,direct,confounding_aware,final_token,1,0.9986848831176758,0.0013151168823242188
confounding_014_orig,pair_014,confounding,original,direct,confounding_aware,final_token,2,0.9802812933921814,0.019718706607818604
confounding_014_orig,pair_014,confounding,original,direct,confounding_aware,final_token,3,0.9614433646202087,0.03855663537979126
confounding_014_orig,pair_014,confounding,original,direct,confounding_aware,final_token,4,0.954206109046936,0.045793890953063965
confounding_014_orig,pair_014,confounding,original,direct,confounding_aware,final_token,5,0.9613258242607117,0.03867417573928833
confounding_014_orig,pair_014,confounding,original,direct,confounding_aware,final_token,6,0.9686787724494934,0.03132122755050659
confounding_014_orig,pair_014,confounding,original,direct,adversarial,final_token,0,1.0,0.0
confounding_014_orig,pair_014,confounding,original,direct,adversarial,final_token,1,0.9980974793434143,0.0019025206565856934
confounding_014_orig,pair_014,confounding,original,direct,adversarial,final_token,2,0.984897792339325,0.015102207660675049
confounding_014_orig,pair_014,confounding,original,direct,adversarial,final_token,3,0.9644536375999451,0.03554636240005493
confounding_014_orig,pair_014,confounding,original,direct,adversarial,final_token,4,0.9648600220680237,0.03513997793197632
confounding_014_orig,pair_014,confounding,original,direct,adversarial,final_token,5,0.9647756814956665,0.035224318504333496
confounding_014_orig,pair_014,confounding,original,direct,adversarial,final_token,6,0.9623959064483643,0.03760409355163574
confounding_018_orig,pair_018,confounding,original,direct,mechanistic,final_token,0,1.0,0.0
confounding_018_orig,pair_018,confounding,original,direct,mechanistic,final_token,1,0.9980771541595459,0.0019228458404541016
confounding_018_orig,pair_018,confounding,original,direct,mechanistic,final_token,2,0.9809321761131287,0.019067823886871338
confounding_018_orig,pair_018,confounding,original,direct,mechanistic,final_token,3,0.9654567241668701,0.03454327583312988
confounding_018_orig,pair_018,confounding,original,direct,mechanistic,final_token,4,0.9332051873207092,0.06679481267929077
confounding_018_orig,pair_018,confounding,original,direct,mechanistic,final_token,5,0.9512546062469482,0.04874539375305176
confounding_018_orig,pair_018,confounding,original,direct,mechanistic,final_token,6,0.9640101194381714,0.03598988056182861
confounding_018_orig,pair_018,confounding,original,direct,confounding_aware,final_token,0,1.0,0.0
confounding_018_orig,pair_018,confounding,original,direct,confounding_aware,final_token,1,0.9986735582351685,0.001326441764831543
confounding_018_orig,pair_018,confounding,original,direct,confounding_aware,final_token,2,0.9808391332626343,0.019160866737365723
confounding_018_orig,pair_018,confounding,original,direct,confounding_aware,final_token,3,0.9627609252929688,0.03723907470703125
confounding_018_orig,pair_018,confounding,original,direct,confounding_aware,final_token,4,0.9553009271621704,0.04469907283782959
confounding_018_orig,pair_018,confounding,original,direct,confounding_aware,final_token,5,0.9621833562850952,0.037816643714904785
confounding_018_orig,pair_018,confounding,original,direct,confounding_aware,final_token,6,0.9695326685905457,0.030467331409454346
confounding_018_orig,pair_018,confounding,original,direct,adversarial,final_token,0,1.0,0.0
confounding_018_orig,pair_018,confounding,original,direct,adversarial,final_token,1,0.9981542229652405,0.0018457770347595215
confounding_018_orig,pair_018,confounding,original,direct,adversarial,final_token,2,0.9848366379737854,0.0151633620262146
confounding_018_orig,pair_018,confounding,original,direct,adversarial,final_token,3,0.9655093550682068,0.03449064493179321
confounding_018_orig,pair_018,confounding,original,direct,adversarial,final_token,4,0.9656135439872742,0.03438645601272583
confounding_018_orig,pair_018,confounding,original,direct,adversarial,final_token,5,0.966295599937439,0.033704400062561035
confounding_018_orig,pair_018,confounding,original,direct,adversarial,final_token,6,0.9644438624382019,0.035556137561798096
confounding_022_orig,pair_022,confounding,original,direct,mechanistic,final_token,0,1.0,0.0
confounding_022_orig,pair_022,confounding,original,direct,mechanistic,final_token,1,0.9981481432914734,0.0018518567085266113
confounding_022_orig,pair_022,confounding,original,direct,mechanistic,final_token,2,0.9808278679847717,0.01917213201522827
confounding_022_orig,pair_022,confounding,original,direct,mechanistic,final_token,3,0.9649564623832703,0.035043537616729736
confounding_022_orig,pair_022,confounding,original,direct,mechanistic,final_token,4,0.9355778098106384,0.06442219018936157
confounding_022_orig,pair_022,confounding,original,direct,mechanistic,final_token,5,0.9533336758613586,0.04666632413864136
confounding_022_orig,pair_022,confounding,original,direct,mechanistic,final_token,6,0.9655319452285767,0.03446805477142334
confounding_022_orig,pair_022,confounding,original,direct,confounding_aware,final_token,0,1.0,0.0
confounding_022_orig,pair_022,confounding,original,direct,confounding_aware,final_token,1,0.998675525188446,0.001324474811553955
confounding_022_orig,pair_022,confounding,original,direct,confounding_aware,final_token,2,0.9800750613212585,0.019924938678741455
confounding_022_orig,pair_022,confounding,original,direct,confounding_aware,final_token,3,0.9617143869400024,0.03828561305999756
confounding_022_orig,pair_022,confounding,original,direct,confounding_aware,final_token,4,0.9555392861366272,0.0444607138633728
confounding_022_orig,pair_022,confounding,original,direct,confounding_aware,final_token,5,0.9625208377838135,0.03747916221618652
confounding_022_orig,pair_022,confounding,original,direct,confounding_aware,final_token,6,0.969490647315979,0.030509352684020996
confounding_022_orig,pair_022,confounding,original,direct,adversarial,final_token,0,1.0,0.0
confounding_022_orig,pair_022,confounding,original,direct,adversarial,final_token,1,0.9979549646377563,0.0020450353622436523
confounding_022_orig,pair_022,confounding,original,direct,adversarial,final_token,2,0.9841147065162659,0.01588529348373413
confounding_022_orig,pair_022,confounding,original,direct,adversarial,final_token,3,0.9644070863723755,0.03559291362762451
confounding_022_orig,pair_022,confounding,original,direct,adversarial,final_token,4,0.9651384949684143,0.03486150503158569
confounding_022_orig,pair_022,confounding,original,direct,adversarial,final_token,5,0.9662153124809265,0.033784687519073486
confounding_022_orig,pair_022,confounding,original,direct,adversarial,final_token,6,0.96405029296875,0.03594970703125
confounding_026_orig,pair_026,confounding,original,direct,mechanistic,final_token,0,1.0,0.0
confounding_026_orig,pair_026,confounding,original,direct,mechanistic,final_token,1,0.9980517029762268,0.0019482970237731934
confounding_026_orig,pair_026,confounding,original,direct,mechanistic,final_token,2,0.9809256196022034,0.01907438039779663
confounding_026_orig,pair_026,confounding,original,direct,mechanistic,final_token,3,0.9653246998786926,0.03467530012130737
confounding_026_orig,pair_026,confounding,original,direct,mechanistic,final_token,4,0.934144914150238,0.06585508584976196
confounding_026_orig,pair_026,confounding,original,direct,mechanistic,final_token,5,0.9515707492828369,0.048429250717163086
confounding_026_orig,pair_026,confounding,original,direct,mechanistic,final_token,6,0.9641759395599365,0.03582406044006348
confounding_026_orig,pair_026,confounding,original,direct,confounding_aware,final_token,0,1.0,0.0
confounding_026_orig,pair_026,confounding,original,direct,confounding_aware,final_token,1,0.9986894130706787,0.001310586929321289
confounding_026_orig,pair_026,confounding,original,direct,confounding_aware,final_token,2,0.9810280203819275,0.01897197961807251
confounding_026_orig,pair_026,confounding,original,direct,confounding_aware,final_token,3,0.9625922441482544,0.037407755851745605
confounding_026_orig,pair_026,confounding,original,direct,confounding_aware,final_token,4,0.9549809098243713,0.04501909017562866
confounding_026_orig,pair_026,confounding,original,direct,confounding_aware,final_token,5,0.9616413116455078,0.03835868835449219
confounding_026_orig,pair_026,confounding,original,direct,confounding_aware,final_token,6,0.9691015481948853,0.030898451805114746
confounding_026_orig,pair_026,confounding,original,direct,adversarial,final_token,0,1.0,0.0
confounding_026_orig,pair_026,confounding,original,direct,adversarial,final_token,1,0.9981281757354736,0.0018718242645263672
confounding_026_orig,pair_026,confounding,original,direct,adversarial,final_token,2,0.9849552512168884,0.015044748783111572
confounding_026_orig,pair_026,confounding,original,direct,adversarial,final_token,3,0.9654538035392761,0.03454619646072388
confounding_026_orig,pair_026,confounding,original,direct,adversarial,final_token,4,0.9649311304092407,0.03506886959075928
confounding_026_orig,pair_026,confounding,original,direct,adversarial,final_token,5,0.9654005169868469,0.034599483013153076
confounding_026_orig,pair_026,confounding,original,direct,adversarial,final_token,6,0.9623561501502991,0.03764384984970093
confounding_030_orig,pair_030,confounding,original,direct,mechanistic,final_token,0,1.0,0.0
confounding_030_orig,pair_030,confounding,original,direct,mechanistic,final_token,1,0.9980112314224243,0.0019887685775756836
confounding_030_orig,pair_030,confounding,original,direct,mechanistic,final_token,2,0.9802018404006958,0.0197981595993042
confounding_030_orig,pair_030,confounding,original,direct,mechanistic,final_token,3,0.964427649974823,0.035572350025177
confounding_030_orig,pair_030,confounding,original,direct,mechanistic,final_token,4,0.9329805374145508,0.06701946258544922
confounding_030_orig,pair_030,confounding,original,direct,mechanistic,final_token,5,0.9512765407562256,0.048723459243774414
confounding_030_orig,pair_030,confounding,original,direct,mechanistic,final_token,6,0.9629554748535156,0.037044525146484375
confounding_030_orig,pair_030,confounding,original,direct,confounding_aware,final_token,0,1.0,0.0
confounding_030_orig,pair_030,confounding,original,direct,confounding_aware,final_token,1,0.998704731464386,0.0012952685356140137
confounding_030_orig,pair_030,confounding,original,direct,confounding_aware,final_token,2,0.9803587794303894,0.019641220569610596
confounding_030_orig,pair_030,confounding,original,direct,confounding_aware,final_token,3,0.9617539048194885,0.038246095180511475
confounding_030_orig,pair_030,confounding,original,direct,confounding_aware,final_token,4,0.9550303816795349,0.04496961832046509
confounding_030_orig,pair_030,confounding,original,direct,confounding_aware,final_token,5,0.9615334272384644,0.038466572761535645
confounding_030_orig,pair_030,confounding,original,direct,confounding_aware,final_token,6,0.9685161113739014,0.03148388862609863
confounding_030_orig,pair_030,confounding,original,direct,adversarial,final_token,0,1.0,0.0
confounding_030_orig,pair_030,confounding,original,direct,adversarial,final_token,1,0.9981390833854675,0.0018609166145324707
confounding_030_orig,pair_030,confounding,original,direct,adversarial,final_token,2,0.9847669005393982,0.015233099460601807
confounding_030_orig,pair_030,confounding,original,direct,adversarial,final_token,3,0.9646428227424622,0.03535717725753784
confounding_030_orig,pair_030,confounding,original,direct,adversarial,final_token,4,0.9649667143821716,0.03503328561782837
confounding_030_orig,pair_030,confounding,original,direct,adversarial,final_token,5,0.9650365114212036,0.03496348857879639
confounding_030_orig,pair_030,confounding,original,direct,adversarial,final_token,6,0.9631454348564148,0.036854565143585205
confounding_034_orig,pair_034,confounding,original,direct,mechanistic,final_token,0,1.0,0.0
confounding_034_orig,pair_034,confounding,original,direct,mechanistic,final_token,1,0.998033881187439,0.001966118812561035
confounding_034_orig,pair_034,confounding,original,direct,mechanistic,final_token,2,0.9807400703430176,0.019259929656982422
confounding_034_orig,pair_034,confounding,original,direct,mechanistic,final_token,3,0.9642859101295471,0.03571408987045288
confounding_034_orig,pair_034,confounding,original,direct,mechanistic,final_token,4,0.9353898763656616,0.06461012363433838
confounding_034_orig,pair_034,confounding,original,direct,mechanistic,final_token,5,0.9531917572021484,0.04680824279785156
confounding_034_orig,pair_034,confounding,original,direct,mechanistic,final_token,6,0.9648980498313904,0.03510195016860962
confounding_034_orig,pair_034,confounding,original,direct,confounding_aware,final_token,0,1.0,0.0
confounding_034_orig,pair_034,confounding,original,direct,confounding_aware,final_token,1,0.9986964464187622,0.001303553581237793
confounding_034_orig,pair_034,confounding,original,direct,confounding_aware,final_token,2,0.9804105162620544,0.019589483737945557
confounding_034_orig,pair_034,confounding,original,direct,confounding_aware,final_token,3,0.9614356160163879,0.03856438398361206
confounding_034_orig,pair_034,confounding,original,direct,confounding_aware,final_token,4,0.9551661014556885,0.04483389854431152
confounding_034_orig,pair_034,confounding,original,direct,confounding_aware,final_token,5,0.9620826244354248,0.037917375564575195
confounding_034_orig,pair_034,confounding,original,direct,confounding_aware,final_token,6,0.9689421057701111,0.031057894229888916
confounding_034_orig,pair_034,confounding,original,direct,adversarial,final_token,0,1.0,0.0
confounding_034_orig,pair_034,confounding,original,direct,adversarial,final_token,1,0.9982044696807861,0.0017955303192138672
confounding_034_orig,pair_034,confounding,original,direct,adversarial,final_token,2,0.9846424460411072,0.015357553958892822
confounding_034_orig,pair_034,confounding,original,direct,adversarial,final_token,3,0.9642686247825623,0.035731375217437744
confounding_034_orig,pair_034,confounding,original,direct,adversarial,final_token,4,0.9652004837989807,0.03479951620101929
confounding_034_orig,pair_034,confounding,original,direct,adversarial,final_token,5,0.9654595255851746,0.03454047441482544
confounding_034_orig,pair_034,confounding,original,direct,adversarial,final_token,6,0.9634087681770325,0.03659123182296753
confounding_038_orig,pair_038,confounding,original,direct,mechanistic,final_token,0,1.0,0.0
confounding_038_orig,pair_038,confounding,original,direct,mechanistic,final_token,1,0.9981465339660645,0.0018534660339355469
confounding_038_orig,pair_038,confounding,original,direct,mechanistic,final_token,2,0.9809297323226929,0.01907026767730713
confounding_038_orig,pair_038,confounding,original,direct,mechanistic,final_token,3,0.9651761651039124,0.034823834896087646
confounding_038_orig,pair_038,confounding,original,direct,mechanistic,final_token,4,0.9358718991279602,0.0641281008720398
confounding_038_orig,pair_038,confounding,original,direct,mechanistic,final_token,5,0.9535642266273499,0.046435773372650146
confounding_038_orig,pair_038,confounding,original,direct,mechanistic,final_token,6,0.9656474590301514,0.03435254096984863
confounding_038_orig,pair_038,confounding,original,direct,confounding_aware,final_token,0,1.0,0.0
confounding_038_orig,pair_038,confounding,original,direct,confounding_aware,final_token,1,0.9986788630485535,0.0013211369514465332
confounding_038_orig,pair_038,confounding,original,direct,confounding_aware,final_token,2,0.9801886081695557,0.019811391830444336
confounding_038_orig,pair_038,confounding,original,direct,confounding_aware,final_token,3,0.9619452953338623,0.038054704666137695
confounding_038_orig,pair_038,confounding,original,direct,confounding_aware,final_token,4,0.9557548761367798,0.044245123863220215
confounding_038_orig,pair_038,confounding,original,direct,confounding_aware,final_token,5,0.9625530242919922,0.03744697570800781
confounding_038_orig,pair_038,confounding,original,direct,confounding_aware,final_token,6,0.9694821834564209,0.0305178165435791
confounding_038_orig,pair_038,confounding,original,direct,adversarial,final_token,0,1.0,0.0
confounding_038_orig,pair_038,confounding,original,direct,adversarial,final_token,1,0.997958242893219,0.002041757106781006
confounding_038_orig,pair_038,confounding,original,direct,adversarial,final_token,2,0.9842069745063782,0.015793025493621826
confounding_038_orig,pair_038,confounding,original,direct,adversarial,final_token,3,0.9646146893501282,0.035385310649871826
confounding_038_orig,pair_038,confounding,original,direct,adversarial,final_token,4,0.9652673006057739,0.034732699394226074
confounding_038_orig,pair_038,confounding,original,direct,adversarial,final_token,5,0.9662574529647827,0.033742547035217285
confounding_038_orig,pair_038,confounding,original,direct,adversarial,final_token,6,0.9642848968505859,0.03571510314941406
confounding_042_orig,pair_042,confounding,original,direct,mechanistic,final_token,0,1.0,0.0
confounding_042_orig,pair_042,confounding,original,direct,mechanistic,final_token,1,0.9981458783149719,0.0018541216850280762
confounding_042_orig,pair_042,confounding,original,direct,mechanistic,final_token,2,0.9809575080871582,0.019042491912841797
confounding_042_orig,pair_042,confounding,original,direct,mechanistic,final_token,3,0.9651356339454651,0.03486436605453491
confounding_042_orig,pair_042,confounding,original,direct,mechanistic,final_token,4,0.9361693263053894,0.0638306736946106
confounding_042_orig,pair_042,confounding,original,direct,mechanistic,final_token,5,0.9538725018501282,0.046127498149871826
confounding_042_orig,pair_042,confounding,original,direct,mechanistic,final_token,6,0.9659000635147095,0.03409993648529053
confounding_042_orig,pair_042,confounding,original,direct,confounding_aware,final_token,0,1.0,0.0
confounding_042_orig,pair_042,confounding,original,direct,confounding_aware,final_token,1,0.9986770153045654,0.0013229846954345703
confounding_042_orig,pair_042,confounding,original,direct,confounding_aware,final_token,2,0.9802312850952148,0.019768714904785156
confounding_042_orig,pair_042,confounding,original,direct,confounding_aware,final_token,3,0.9619282484054565,0.03807175159454346
confounding_042_orig,pair_042,confounding,original,direct,confounding_aware,final_token,4,0.9558037519454956,0.044196248054504395
confounding_042_orig,pair_042,confounding,original,direct,confounding_aware,final_token,5,0.9626404643058777,0.037359535694122314
confounding_042_orig,pair_042,confounding,original,direct,confounding_aware,final_token,6,0.969592273235321,0.030407726764678955
confounding_042_orig,pair_042,confounding,original,direct,adversarial,final_token,0,1.0,0.0
confounding_042_orig,pair_042,confounding,original,direct,adversarial,final_token,1,0.9979583024978638,0.0020416975021362305
confounding_042_orig,pair_042,confounding,original,direct,adversarial,final_token,2,0.9842636585235596,0.01573634147644043
confounding_042_orig,pair_042,confounding,original,direct,adversarial,final_token,3,0.9645978808403015,0.035402119159698486
confounding_042_orig,pair_042,confounding,original,direct,adversarial,final_token,4,0.9652180075645447,0.03478199243545532
confounding_042_orig,pair_042,confounding,original,direct,adversarial,final_token,5,0.966250479221344,0.033749520778656006
confounding_042_orig,pair_042,confounding,original,direct,adversarial,final_token,6,0.964332103729248,0.03566789627075195
confounding_046_orig,pair_046,confounding,original,direct,mechanistic,final_token,0,1.0,0.0
confounding_046_orig,pair_046,confounding,original,direct,mechanistic,final_token,1,0.9978500008583069,0.0021499991416931152
confounding_046_orig,pair_046,confounding,original,direct,mechanistic,final_token,2,0.9793228507041931,0.020677149295806885
confounding_046_orig,pair_046,confounding,original,direct,mechanistic,final_token,3,0.9629334211349487,0.03706657886505127
confounding_046_orig,pair_046,confounding,original,direct,mechanistic,final_token,4,0.9343543648719788,0.06564563512802124
confounding_046_orig,pair_046,confounding,original,direct,mechanistic,final_token,5,0.9528616666793823,0.047138333320617676
confounding_046_orig,pair_046,confounding,original,direct,mechanistic,final_token,6,0.9648783802986145,0.0351216197013855
confounding_046_orig,pair_046,confounding,original,direct,confounding_aware,final_token,0,1.0,0.0
confounding_046_orig,pair_046,confounding,original,direct,confounding_aware,final_token,1,0.9986710548400879,0.0013289451599121094
confounding_046_orig,pair_046,confounding,original,direct,confounding_aware,final_token,2,0.9790477752685547,0.020952224731445312
confounding_046_orig,pair_046,confounding,original,direct,confounding_aware,final_token,3,0.9606155157089233,0.03938448429107666
confounding_046_orig,pair_046,confounding,original,direct,confounding_aware,final_token,4,0.9530156850814819,0.046984314918518066
confounding_046_orig,pair_046,confounding,original,direct,confounding_aware,final_token,5,0.9606143832206726,0.03938561677932739
confounding_046_orig,pair_046,confounding,original,direct,confounding_aware,final_token,6,0.968298614025116,0.03170138597488403
confounding_046_orig,pair_046,confounding,original,direct,adversarial,final_token,0,1.0,0.0
confounding_046_orig,pair_046,confounding,original,direct,adversarial,final_token,1,0.9980039596557617,0.0019960403442382812
confounding_046_orig,pair_046,confounding,original,direct,adversarial,final_token,2,0.9837074875831604,0.0162925124168396
confounding_046_orig,pair_046,confounding,original,direct,adversarial,final_token,3,0.9638925194740295,0.03610748052597046
confounding_046_orig,pair_046,confounding,original,direct,adversarial,final_token,4,0.9640698432922363,0.03593015670776367
confounding_046_orig,pair_046,confounding,original,direct,adversarial,final_token,5,0.9637932181358337,0.03620678186416626
confounding_046_orig,pair_046,confounding,original,direct,adversarial,final_token,6,0.9618085622787476,0.03819143772125244
mechanistic_distractor_004_orig,pair_004,mechanistic_distractor,original,direct,mechanistic,final_token,0,1.0,0.0
mechanistic_distractor_004_orig,pair_004,mechanistic_distractor,original,direct,mechanistic,final_token,1,0.9980438947677612,0.0019561052322387695
mechanistic_distractor_004_orig,pair_004,mechanistic_distractor,original,direct,mechanistic,final_token,2,0.9824687838554382,0.017531216144561768
mechanistic_distractor_004_orig,pair_004,mechanistic_distractor,original,direct,mechanistic,final_token,3,0.9639601111412048,0.036039888858795166
mechanistic_distractor_004_orig,pair_004,mechanistic_distractor,original,direct,mechanistic,final_token,4,0.9446557760238647,0.055344223976135254
mechanistic_distractor_004_orig,pair_004,mechanistic_distractor,original,direct,mechanistic,final_token,5,0.9587913155555725,0.04120868444442749
mechanistic_distractor_004_orig,pair_004,mechanistic_distractor,original,direct,mechanistic,final_token,6,0.9700085520744324,0.029991447925567627
mechanistic_distractor_004_orig,pair_004,mechanistic_distractor,original,direct,confounding_aware,final_token,0,1.0,0.0
mechanistic_distractor_004_orig,pair_004,mechanistic_distractor,original,direct,confounding_aware,final_token,1,0.9985787868499756,0.001421213150024414
mechanistic_distractor_004_orig,pair_004,mechanistic_distractor,original,direct,confounding_aware,final_token,2,0.9808267951011658,0.01917320489883423
mechanistic_distractor_004_orig,pair_004,mechanistic_distractor,original,direct,confounding_aware,final_token,3,0.9596604704856873,0.040339529514312744
mechanistic_distractor_004_orig,pair_004,mechanistic_distractor,original,direct,confounding_aware,final_token,4,0.9582578539848328,0.041742146015167236
mechanistic_distractor_004_orig,pair_004,mechanistic_distractor,original,direct,confounding_aware,final_token,5,0.9648883938789368,0.03511160612106323
mechanistic_distractor_004_orig,pair_004,mechanistic_distractor,original,direct,confounding_aware,final_token,6,0.9726299047470093,0.027370095252990723
mechanistic_distractor_004_orig,pair_004,mechanistic_distractor,original,direct,adversarial,final_token,0,1.0,0.0
mechanistic_distractor_004_orig,pair_004,mechanistic_distractor,original,direct,adversarial,final_token,1,0.9982210993766785,0.0017789006233215332
mechanistic_distractor_004_orig,pair_004,mechanistic_distractor,original,direct,adversarial,final_token,2,0.9848552942276001,0.015144705772399902
mechanistic_distractor_004_orig,pair_004,mechanistic_distractor,original,direct,adversarial,final_token,3,0.9630388021469116,0.03696119785308838
mechanistic_distractor_004_orig,pair_004,mechanistic_distractor,original,direct,adversarial,final_token,4,0.9654600620269775,0.03453993797302246
mechanistic_distractor_004_orig,pair_004,mechanistic_distractor,original,direct,adversarial,final_token,5,0.967517614364624,0.03248238563537598
mechanistic_distractor_004_orig,pair_004,mechanistic_distractor,original,direct,adversarial,final_token,6,0.9693057537078857,0.030694246292114258
mechanistic_distractor_008_orig,pair_008,mechanistic_distractor,original,direct,mechanistic,final_token,0,1.0,0.0
mechanistic_distractor_008_orig,pair_008,mechanistic_distractor,original,direct,mechanistic,final_token,1,0.9982577562332153,0.001742243766784668
mechanistic_distractor_008_orig,pair_008,mechanistic_distractor,original,direct,mechanistic,final_token,2,0.98288893699646,0.01711106300354004
mechanistic_distractor_008_orig,pair_008,mechanistic_distractor,original,direct,mechanistic,final_token,3,0.9638616442680359,0.03613835573196411
mechanistic_distractor_008_orig,pair_008,mechanistic_distractor,original,direct,mechanistic,final_token,4,0.9457467794418335,0.054253220558166504
mechanistic_distractor_008_orig,pair_008,mechanistic_distractor,original,direct,mechanistic,final_token,5,0.959537923336029,0.04046207666397095
mechanistic_distractor_008_orig,pair_008,mechanistic_distractor,original,direct,mechanistic,final_token,6,0.9702465534210205,0.029753446578979492
mechanistic_distractor_008_orig,pair_008,mechanistic_distractor,original,direct,confounding_aware,final_token,0,1.0,0.0
mechanistic_distractor_008_orig,pair_008,mechanistic_distractor,original,direct,confounding_aware,final_token,1,0.998607337474823,0.001392662525177002
mechanistic_distractor_008_orig,pair_008,mechanistic_distractor,original,direct,confounding_aware,final_token,2,0.9810324907302856,0.018967509269714355
mechanistic_distractor_008_orig,pair_008,mechanistic_distractor,original,direct,confounding_aware,final_token,3,0.9594005942344666,0.04059940576553345
mechanistic_distractor_008_orig,pair_008,mechanistic_distractor,original,direct,confounding_aware,final_token,4,0.9580174684524536,0.04198253154754639
mechanistic_distractor_008_orig,pair_008,mechanistic_distractor,original,direct,confounding_aware,final_token,5,0.9645331501960754,0.03546684980392456
mechanistic_distractor_008_orig,pair_008,mechanistic_distractor,original,direct,confounding_aware,final_token,6,0.9722222089767456,0.027777791023254395
mechanistic_distractor_008_orig,pair_008,mechanistic_distractor,original,direct,adversarial,final_token,0,1.0,0.0
mechanistic_distractor_008_orig,pair_008,mechanistic_distractor,original,direct,adversarial,final_token,1,0.9983483552932739,0.0016516447067260742
mechanistic_distractor_008_orig,pair_008,mechanistic_distractor,original,direct,adversarial,final_token,2,0.9852828979492188,0.01471710205078125
mechanistic_distractor_008_orig,pair_008,mechanistic_distractor,original,direct,adversarial,final_token,3,0.9631089568138123,0.036891043186187744
mechanistic_distractor_008_orig,pair_008,mechanistic_distractor,original,direct,adversarial,final_token,4,0.9656938314437866,0.03430616855621338
mechanistic_distractor_008_orig,pair_008,mechanistic_distractor,original,direct,adversarial,final_token,5,0.9676868915557861,0.03231310844421387
mechanistic_distractor_008_orig,pair_008,mechanistic_distractor,original,direct,adversarial,final_token,6,0.9698684811592102,0.030131518840789795
mechanistic_distractor_012_orig,pair_012,mechanistic_distractor,original,direct,mechanistic,final_token,0,1.0,0.0
mechanistic_distractor_012_orig,pair_012,mechanistic_distractor,original,direct,mechanistic,final_token,1,0.9982938170433044,0.0017061829566955566
mechanistic_distractor_012_orig,pair_012,mechanistic_distractor,original,direct,mechanistic,final_token,2,0.9817707538604736,0.018229246139526367
mechanistic_distractor_012_orig,pair_012,mechanistic_distractor,original,direct,mechanistic,final_token,3,0.9631498456001282,0.036850154399871826
mechanistic_distractor_012_orig,pair_012,mechanistic_distractor,original,direct,mechanistic,final_token,4,0.9413546323776245,0.05864536762237549
mechanistic_distractor_012_orig,pair_012,mechanistic_distractor,original,direct,mechanistic,final_token,5,0.9557496309280396,0.04425036907196045
mechanistic_distractor_012_orig,pair_012,mechanistic_distractor,original,direct,mechanistic,final_token,6,0.9685800075531006,0.031419992446899414
mechanistic_distractor_012_orig,pair_012,mechanistic_distractor,original,direct,confounding_aware,final_token,0,1.0,0.0
mechanistic_distractor_012_orig,pair_012,mechanistic_distractor,original,direct,confounding_aware,final_token,1,0.9986313581466675,0.0013686418533325195
mechanistic_distractor_012_orig,pair_012,mechanistic_distractor,original,direct,confounding_aware,final_token,2,0.9803191423416138,0.01968085765838623
mechanistic_distractor_012_orig,pair_012,mechanistic_distractor,original,direct,confounding_aware,final_token,3,0.9595534801483154,0.04044651985168457
mechanistic_distractor_012_orig,pair_012,mechanistic_distractor,original,direct,confounding_aware,final_token,4,0.9554782509803772,0.0445217490196228
mechanistic_distractor_012_orig,pair_012,mechanistic_distractor,original,direct,confounding_aware,final_token,5,0.9630321860313416,0.03696781396865845
mechanistic_distractor_012_orig,pair_012,mechanistic_distractor,original,direct,confounding_aware,final_token,6,0.9720355868339539,0.027964413166046143
mechanistic_distractor_012_orig,pair_012,mechanistic_distractor,original,direct,adversarial,final_token,0,1.0,0.0
mechanistic_distractor_012_orig,pair_012,mechanistic_distractor,original,direct,adversarial,final_token,1,0.9980853199958801,0.001914680004119873
mechanistic_distractor_012_orig,pair_012,mechanistic_distractor,original,direct,adversarial,final_token,2,0.9846605062484741,0.015339493751525879
mechanistic_distractor_012_orig,pair_012,mechanistic_distractor,original,direct,adversarial,final_token,3,0.9623764753341675,0.03762352466583252
mechanistic_distractor_012_orig,pair_012,mechanistic_distractor,original,direct,adversarial,final_token,4,0.9649489521980286,0.035051047801971436
mechanistic_distractor_012_orig,pair_012,mechanistic_distractor,original,direct,adversarial,final_token,5,0.9673983454704285,0.03260165452957153
mechanistic_distractor_012_orig,pair_012,mechanistic_distractor,original,direct,adversarial,final_token,6,0.9687789082527161,0.031221091747283936
mechanistic_distractor_016_orig,pair_016,mechanistic_distractor,original,direct,mechanistic,final_token,0,1.0,0.0
mechanistic_distractor_016_orig,pair_016,mechanistic_distractor,original,direct,mechanistic,final_token,1,0.998269259929657,0.0017307400703430176
mechanistic_distractor_016_orig,pair_016,mechanistic_distractor,original,direct,mechanistic,final_token,2,0.982571542263031,0.017428457736968994
mechanistic_distractor_016_orig,pair_016,mechanistic_distractor,original,direct,mechanistic,final_token,3,0.9640394449234009,0.03596055507659912
mechanistic_distractor_016_orig,pair_016,mechanistic_distractor,original,direct,mechanistic,final_token,4,0.9433273077011108,0.05667269229888916
mechanistic_distractor_016_orig,pair_016,mechanistic_distractor,original,direct,mechanistic,final_token,5,0.9572323560714722,0.04276764392852783
mechanistic_distractor_016_orig,pair_016,mechanistic_distractor,original,direct,mechanistic,final_token,6,0.9691630005836487,0.03083699941635132
mechanistic_distractor_016_orig,pair_016,mechanistic_distractor,original,direct,confounding_aware,final_token,0,1.0,0.0
mechanistic_distractor_016_orig,pair_016,mechanistic_distractor,original,direct,confounding_aware,final_token,1,0.9986324906349182,0.0013675093650817871
mechanistic_distractor_016_orig,pair_016,mechanistic_distractor,original,direct,confounding_aware,final_token,2,0.9811418056488037,0.01885819435119629
mechanistic_distractor_016_orig,pair_016,mechanistic_distractor,original,direct,confounding_aware,final_token,3,0.9602263569831848,0.039773643016815186
mechanistic_distractor_016_orig,pair_016,mechanistic_distractor,original,direct,confounding_aware,final_token,4,0.9570693969726562,0.04293060302734375
mechanistic_distractor_016_orig,pair_016,mechanistic_distractor,original,direct,confounding_aware,final_token,5,0.9637712836265564,0.036228716373443604
mechanistic_distractor_016_orig,pair_016,mechanistic_distractor,original,direct,confounding_aware,final_token,6,0.9721377491950989,0.027862250804901123
mechanistic_distractor_016_orig,pair_016,mechanistic_distractor,original,direct,adversarial,final_token,0,1.0,0.0
mechanistic_distractor_016_orig,pair_016,mechanistic_distractor,original,direct,adversarial,final_token,1,0.9981837868690491,0.0018162131309509277
mechanistic_distractor_016_orig,pair_016,mechanistic_distractor,original,direct,adversarial,final_token,2,0.985110342502594,0.014889657497406006
mechanistic_distractor_016_orig,pair_016,mechanistic_distractor,original,direct,adversarial,final_token,3,0.9631119966506958,0.0368880033493042
mechanistic_distractor_016_orig,pair_016,mechanistic_distractor,original,direct,adversarial,final_token,4,0.9649895429611206,0.035010457038879395
mechanistic_distractor_016_orig,pair_016,mechanistic_distractor,original,direct,adversarial,final_token,5,0.9672445058822632,0.032755494117736816
mechanistic_distractor_016_orig,pair_016,mechanistic_distractor,original,direct,adversarial,final_token,6,0.9682598114013672,0.03174018859863281
mechanistic_distractor_020_orig,pair_020,mechanistic_distractor,original,direct,mechanistic,final_token,0,1.0,0.0
mechanistic_distractor_020_orig,pair_020,mechanistic_distractor,original,direct,mechanistic,final_token,1,0.9979868531227112,0.0020131468772888184
mechanistic_distractor_020_orig,pair_020,mechanistic_distractor,original,direct,mechanistic,final_token,2,0.9827808737754822,0.017219126224517822
mechanistic_distractor_020_orig,pair_020,mechanistic_distractor,original,direct,mechanistic,final_token,3,0.9644119739532471,0.03558802604675293
mechanistic_distractor_020_orig,pair_020,mechanistic_distractor,original,direct,mechanistic,final_token,4,0.9450063705444336,0.054993629455566406
mechanistic_distractor_020_orig,pair_020,mechanistic_distractor,original,direct,mechanistic,final_token,5,0.9590288400650024,0.04097115993499756
mechanistic_distractor_020_orig,pair_020,mechanistic_distractor,original,direct,mechanistic,final_token,6,0.9698392748832703,0.030160725116729736
mechanistic_distractor_020_orig,pair_020,mechanistic_distractor,original,direct,confounding_aware,final_token,0,1.0,0.0
mechanistic_distractor_020_orig,pair_020,mechanistic_distractor,original,direct,confounding_aware,final_token,1,0.9985668063163757,0.0014331936836242676
mechanistic_distractor_020_orig,pair_020,mechanistic_distractor,original,direct,confounding_aware,final_token,2,0.9808582067489624,0.019141793251037598
mechanistic_distractor_020_orig,pair_020,mechanistic_distractor,original,direct,confounding_aware,final_token,3,0.959919810295105,0.04008018970489502
mechanistic_distractor_020_orig,pair_020,mechanistic_distractor,original,direct,confounding_aware,final_token,4,0.9577796459197998,0.042220354080200195
mechanistic_distractor_020_orig,pair_020,mechanistic_distractor,original,direct,confounding_aware,final_token,5,0.964451789855957,0.03554821014404297
mechanistic_distractor_020_orig,pair_020,mechanistic_distractor,original,direct,confounding_aware,final_token,6,0.9719533920288086,0.028046607971191406
mechanistic_distractor_020_orig,pair_020,mechanistic_distractor,original,direct,adversarial,final_token,0,1.0,0.0
mechanistic_distractor_020_orig,pair_020,mechanistic_distractor,original,direct,adversarial,final_token,1,0.9982082843780518,0.0017917156219482422
mechanistic_distractor_020_orig,pair_020,mechanistic_distractor,original,direct,adversarial,final_token,2,0.9850127100944519,0.014987289905548096
mechanistic_distractor_020_orig,pair_020,mechanistic_distractor,original,direct,adversarial,final_token,3,0.9634618163108826,0.03653818368911743
mechanistic_distractor_020_orig,pair_020,mechanistic_distractor,original,direct,adversarial,final_token,4,0.9658226370811462,0.03417736291885376
mechanistic_distractor_020_orig,pair_020,mechanistic_distractor,original,direct,adversarial,final_token,5,0.967728316783905,0.03227168321609497
mechanistic_distractor_020_orig,pair_020,mechanistic_distractor,original,direct,adversarial,final_token,6,0.9690386652946472,0.030961334705352783
mechanistic_distractor_024_orig,pair_024,mechanistic_distractor,original,direct,mechanistic,final_token,0,1.0,0.0
mechanistic_distractor_024_orig,pair_024,mechanistic_distractor,original,direct,mechanistic,final_token,1,0.9982889890670776,0.0017110109329223633
mechanistic_distractor_024_orig,pair_024,mechanistic_distractor,original,direct,mechanistic,final_token,2,0.9820425510406494,0.017957448959350586
mechanistic_distractor_024_orig,pair_024,mechanistic_distractor,original,direct,mechanistic,final_token,3,0.9637740850448608,0.03622591495513916
mechanistic_distractor_024_orig,pair_024,mechanistic_distractor,original,direct,mechanistic,final_token,4,0.9440262913703918,0.055973708629608154
mechanistic_distractor_024_orig,pair_024,mechanistic_distractor,original,direct,mechanistic,final_token,5,0.9576948285102844,0.042305171489715576
mechanistic_distractor_024_orig,pair_024,mechanistic_distractor,original,direct,mechanistic,final_token,6,0.9691452383995056,0.030854761600494385
mechanistic_distractor_024_orig,pair_024,mechanistic_distractor,original,direct,confounding_aware,final_token,0,1.0,0.0
mechanistic_distractor_024_orig,pair_024,mechanistic_distractor,original,direct,confounding_aware,final_token,1,0.9986565709114075,0.0013434290885925293
mechanistic_distractor_024_orig,pair_024,mechanistic_distractor,original,direct,confounding_aware,final_token,2,0.9805155396461487,0.01948446035385132
mechanistic_distractor_024_orig,pair_024,mechanistic_distractor,original,direct,confounding_aware,final_token,3,0.9602612853050232,0.03973871469497681
mechanistic_distractor_024_orig,pair_024,mechanistic_distractor,original,direct,confounding_aware,final_token,4,0.9567379355430603,0.0432620644569397
mechanistic_distractor_024_orig,pair_024,mechanistic_distractor,original,direct,confounding_aware,final_token,5,0.9638072848320007,0.03619271516799927
mechanistic_distractor_024_orig,pair_024,mechanistic_distractor,original,direct,confounding_aware,final_token,6,0.9722064137458801,0.027793586254119873
mechanistic_distractor_024_orig,pair_024,mechanistic_distractor,original,direct,adversarial,final_token,0,1.0,0.0
mechanistic_distractor_024_orig,pair_024,mechanistic_distractor,original,direct,adversarial,final_token,1,0.9981785416603088,0.0018214583396911621
mechanistic_distractor_024_orig,pair_024,mechanistic_distractor,original,direct,adversarial,final_token,2,0.9844481945037842,0.01555180549621582
mechanistic_distractor_024_orig,pair_024,mechanistic_distractor,original,direct,adversarial,final_token,3,0.9631450176239014,0.03685498237609863
mechanistic_distractor_024_orig,pair_024,mechanistic_distractor,original,direct,adversarial,final_token,4,0.9656006097793579,0.03439939022064209
mechanistic_distractor_024_orig,pair_024,mechanistic_distractor,original,direct,adversarial,final_token,5,0.9680352807044983,0.03196471929550171
mechanistic_distractor_024_orig,pair_024,mechanistic_distractor,original,direct,adversarial,final_token,6,0.9694467782974243,0.030553221702575684
mechanistic_distractor_028_orig,pair_028,mechanistic_distractor,original,direct,mechanistic,final_token,0,1.0,0.0
mechanistic_distractor_028_orig,pair_028,mechanistic_distractor,original,direct,mechanistic,final_token,1,0.998077929019928,0.0019220709800720215
mechanistic_distractor_028_orig,pair_028,mechanistic_distractor,original,direct,mechanistic,final_token,2,0.9829472899436951,0.01705271005630493
mechanistic_distractor_028_orig,pair_028,mechanistic_distractor,original,direct,mechanistic,final_token,3,0.9641962647438049,0.03580373525619507
mechanistic_distractor_028_orig,pair_028,mechanistic_distractor,original,direct,mechanistic,final_token,4,0.9454939365386963,0.05450606346130371
mechanistic_distractor_028_orig,pair_028,mechanistic_distractor,original,direct,mechanistic,final_token,5,0.9590969085693359,0.04090309143066406
mechanistic_distractor_028_orig,pair_028,mechanistic_distractor,original,direct,mechanistic,final_token,6,0.9695389866828918,0.030461013317108154
mechanistic_distractor_028_orig,pair_028,mechanistic_distractor,original,direct,confounding_aware,final_token,0,1.0,0.0
mechanistic_distractor_028_orig,pair_028,mechanistic_distractor,original,direct,confounding_aware,final_token,1,0.9985752105712891,0.0014247894287109375
mechanistic_distractor_028_orig,pair_028,mechanistic_distractor,original,direct,confounding_aware,final_token,2,0.9811234474182129,0.01887655258178711
mechanistic_distractor_028_orig,pair_028,mechanistic_distractor,original,direct,confounding_aware,final_token,3,0.9599373936653137,0.04006260633468628
mechanistic_distractor_028_orig,pair_028,mechanistic_distractor,original,direct,confounding_aware,final_token,4,0.9578195214271545,0.04218047857284546
mechanistic_distractor_028_orig,pair_028,mechanistic_distractor,original,direct,confounding_aware,final_token,5,0.9643082022666931,0.035691797733306885
mechanistic_distractor_028_orig,pair_028,mechanistic_distractor,original,direct,confounding_aware,final_token,6,0.9718640446662903,0.028135955333709717
mechanistic_distractor_028_orig,pair_028,mechanistic_distractor,original,direct,adversarial,final_token,0,1.0,0.0
mechanistic_distractor_028_orig,pair_028,mechanistic_distractor,original,direct,adversarial,final_token,1,0.9982146620750427,0.0017853379249572754
mechanistic_distractor_028_orig,pair_028,mechanistic_distractor,original,direct,adversarial,final_token,2,0.9851656556129456,0.014834344387054443
mechanistic_distractor_028_orig,pair_028,mechanistic_distractor,original,direct,adversarial,final_token,3,0.9634912610054016,0.03650873899459839
mechanistic_distractor_028_orig,pair_028,mechanistic_distractor,original,direct,adversarial,final_token,4,0.9660513997077942,0.03394860029220581
mechanistic_distractor_028_orig,pair_028,mechanistic_distractor,original,direct,adversarial,final_token,5,0.9677493572235107,0.03225064277648926
mechanistic_distractor_028_orig,pair_028,mechanistic_distractor,original,direct,adversarial,final_token,6,0.9694620370864868,0.030537962913513184
mechanistic_distractor_032_orig,pair_032,mechanistic_distractor,original,direct,mechanistic,final_token,0,1.0,0.0
mechanistic_distractor_032_orig,pair_032,mechanistic_distractor,original,direct,mechanistic,final_token,1,0.9980800151824951,0.0019199848175048828
mechanistic_distractor_032_orig,pair_032,mechanistic_distractor,original,direct,mechanistic,final_token,2,0.9828748106956482,0.017125189304351807
mechanistic_distractor_032_orig,pair_032,mechanistic_distractor,original,direct,mechanistic,final_token,3,0.9639006853103638,0.03609931468963623
mechanistic_distractor_032_orig,pair_032,mechanistic_distractor,original,direct,mechanistic,final_token,4,0.9433051943778992,0.05669480562210083
mechanistic_distractor_032_orig,pair_032,mechanistic_distractor,original,direct,mechanistic,final_token,5,0.9571657776832581,0.04283422231674194
mechanistic_distractor_032_orig,pair_032,mechanistic_distractor,original,direct,mechanistic,final_token,6,0.968964159488678,0.03103584051132202
mechanistic_distractor_032_orig,pair_032,mechanistic_distractor,original,direct,confounding_aware,final_token,0,1.0,0.0
mechanistic_distractor_032_orig,pair_032,mechanistic_distractor,original,direct,confounding_aware,final_token,1,0.9985728859901428,0.0014271140098571777
mechanistic_distractor_032_orig,pair_032,mechanistic_distractor,original,direct,confounding_aware,final_token,2,0.9811820387840271,0.0188179612159729
mechanistic_distractor_032_orig,pair_032,mechanistic_distractor,original,direct,confounding_aware,final_token,3,0.9596520066261292,0.04034799337387085
mechanistic_distractor_032_orig,pair_032,mechanistic_distractor,original,direct,confounding_aware,final_token,4,0.9563805460929871,0.04361945390701294
mechanistic_distractor_032_orig,pair_032,mechanistic_distractor,original,direct,confounding_aware,final_token,5,0.9633799195289612,0.03662008047103882
mechanistic_distractor_032_orig,pair_032,mechanistic_distractor,original,direct,confounding_aware,final_token,6,0.9717530608177185,0.028246939182281494
mechanistic_distractor_032_orig,pair_032,mechanistic_distractor,original,direct,adversarial,final_token,0,1.0,0.0
mechanistic_distractor_032_orig,pair_032,mechanistic_distractor,original,direct,adversarial,final_token,1,0.9981951713562012,0.0018048286437988281
mechanistic_distractor_032_orig,pair_032,mechanistic_distractor,original,direct,adversarial,final_token,2,0.9851502180099487,0.01484978199005127
mechanistic_distractor_032_orig,pair_032,mechanistic_distractor,original,direct,adversarial,final_token,3,0.9634106755256653,0.03658932447433472
mechanistic_distractor_032_orig,pair_032,mechanistic_distractor,original,direct,adversarial,final_token,4,0.9661967158317566,0.03380328416824341
mechanistic_distractor_032_orig,pair_032,mechanistic_distractor,original,direct,adversarial,final_token,5,0.9684109091758728,0.0315890908241272
mechanistic_distractor_032_orig,pair_032,mechanistic_distractor,original,direct,adversarial,final_token,6,0.96929931640625,0.03070068359375
mechanistic_distractor_036_orig,pair_036,mechanistic_distractor,original,direct,mechanistic,final_token,0,1.0,0.0
mechanistic_distractor_036_orig,pair_036,mechanistic_distractor,original,direct,mechanistic,final_token,1,0.9982885122299194,0.0017114877700805664
mechanistic_distractor_036_orig,pair_036,mechanistic_distractor,original,direct,mechanistic,final_token,2,0.9821603894233704,0.01783961057662964
mechanistic_distractor_036_orig,pair_036,mechanistic_distractor,original,direct,mechanistic,final_token,3,0.9636605978012085,0.036339402198791504
mechanistic_distractor_036_orig,pair_036,mechanistic_distractor,original,direct,mechanistic,final_token,4,0.9423285126686096,0.05767148733139038
mechanistic_distractor_036_orig,pair_036,mechanistic_distractor,original,direct,mechanistic,final_token,5,0.9573916792869568,0.04260832071304321
mechanistic_distractor_036_orig,pair_036,mechanistic_distractor,original,direct,mechanistic,final_token,6,0.9685664772987366,0.03143352270126343
mechanistic_distractor_036_orig,pair_036,mechanistic_distractor,original,direct,confounding_aware,final_token,0,1.0,0.0
mechanistic_distractor_036_orig,pair_036,mechanistic_distractor,original,direct,confounding_aware,final_token,1,0.9986265301704407,0.0013734698295593262
mechanistic_distractor_036_orig,pair_036,mechanistic_distractor,original,direct,confounding_aware,final_token,2,0.9804605841636658,0.01953941583633423
mechanistic_distractor_036_orig,pair_036,mechanistic_distractor,original,direct,confounding_aware,final_token,3,0.9590618014335632,0.04093819856643677
mechanistic_distractor_036_orig,pair_036,mechanistic_distractor,original,direct,confounding_aware,final_token,4,0.9576066136360168,0.042393386363983154
mechanistic_distractor_036_orig,pair_036,mechanistic_distractor,original,direct,confounding_aware,final_token,5,0.9643237590789795,0.03567624092102051
mechanistic_distractor_036_orig,pair_036,mechanistic_distractor,original,direct,confounding_aware,final_token,6,0.9714561104774475,0.02854388952255249
mechanistic_distractor_036_orig,pair_036,mechanistic_distractor,original,direct,adversarial,final_token,0,1.0,0.0
mechanistic_distractor_036_orig,pair_036,mechanistic_distractor,original,direct,adversarial,final_token,1,0.9983105659484863,0.0016894340515136719
mechanistic_distractor_036_orig,pair_036,mechanistic_distractor,original,direct,adversarial,final_token,2,0.9846630096435547,0.015336990356445312
mechanistic_distractor_036_orig,pair_036,mechanistic_distractor,original,direct,adversarial,final_token,3,0.9625442028045654,0.03745579719543457
mechanistic_distractor_036_orig,pair_036,mechanistic_distractor,original,direct,adversarial,final_token,4,0.9650285243988037,0.03497147560119629
mechanistic_distractor_036_orig,pair_036,mechanistic_distractor,original,direct,adversarial,final_token,5,0.9668980836868286,0.03310191631317139
mechanistic_distractor_036_orig,pair_036,mechanistic_distractor,original,direct,adversarial,final_token,6,0.9686331748962402,0.031366825103759766
mechanistic_distractor_040_orig,pair_040,mechanistic_distractor,original,direct,mechanistic,final_token,0,1.0,0.0
mechanistic_distractor_040_orig,pair_040,mechanistic_distractor,original,direct,mechanistic,final_token,1,0.9981469511985779,0.0018530488014221191
mechanistic_distractor_040_orig,pair_040,mechanistic_distractor,original,direct,mechanistic,final_token,2,0.9827648997306824,0.017235100269317627
mechanistic_distractor_040_orig,pair_040,mechanistic_distractor,original,direct,mechanistic,final_token,3,0.9646545052528381,0.035345494747161865
mechanistic_distractor_040_orig,pair_040,mechanistic_distractor,original,direct,mechanistic,final_token,4,0.9445284605026245,0.05547153949737549
mechanistic_distractor_040_orig,pair_040,mechanistic_distractor,original,direct,mechanistic,final_token,5,0.9590691924095154,0.04093080759048462
mechanistic_distractor_040_orig,pair_040,mechanistic_distractor,original,direct,mechanistic,final_token,6,0.9708961248397827,0.029103875160217285
mechanistic_distractor_040_orig,pair_040,mechanistic_distractor,original,direct,confounding_aware,final_token,0,1.0,0.0
mechanistic_distractor_040_orig,pair_040,mechanistic_distractor,original,direct,confounding_aware,final_token,1,0.9986825585365295,0.001317441463470459
mechanistic_distractor_040_orig,pair_040,mechanistic_distractor,original,direct,confounding_aware,final_token,2,0.9805748462677002,0.019425153732299805
mechanistic_distractor_040_orig,pair_040,mechanistic_distractor,original,direct,confounding_aware,final_token,3,0.960296094417572,0.03970390558242798
mechanistic_distractor_040_orig,pair_040,mechanistic_distractor,original,direct,confounding_aware,final_token,4,0.957779586315155,0.04222041368484497
mechanistic_distractor_040_orig,pair_040,mechanistic_distractor,original,direct,confounding_aware,final_token,5,0.9649716019630432,0.03502839803695679
mechanistic_distractor_040_orig,pair_040,mechanistic_distractor,original,direct,confounding_aware,final_token,6,0.9724525809288025,0.02754741907119751
mechanistic_distractor_040_orig,pair_040,mechanistic_distractor,original,direct,adversarial,final_token,0,1.0,0.0
mechanistic_distractor_040_orig,pair_040,mechanistic_distractor,original,direct,adversarial,final_token,1,0.9982816576957703,0.0017183423042297363
mechanistic_distractor_040_orig,pair_040,mechanistic_distractor,original,direct,adversarial,final_token,2,0.9853878021240234,0.014612197875976562
mechanistic_distractor_040_orig,pair_040,mechanistic_distractor,original,direct,adversarial,final_token,3,0.9643338322639465,0.03566616773605347
mechanistic_distractor_040_orig,pair_040,mechanistic_distractor,original,direct,adversarial,final_token,4,0.9659152030944824,0.03408479690551758
mechanistic_distractor_040_orig,pair_040,mechanistic_distractor,original,direct,adversarial,final_token,5,0.9678041934967041,0.0321958065032959
mechanistic_distractor_040_orig,pair_040,mechanistic_distractor,original,direct,adversarial,final_token,6,0.9698322415351868,0.030167758464813232
mechanistic_distractor_044_orig,pair_044,mechanistic_distractor,original,direct,mechanistic,final_token,0,1.0,0.0
mechanistic_distractor_044_orig,pair_044,mechanistic_distractor,original,direct,mechanistic,final_token,1,0.9982292056083679,0.00177079439163208
mechanistic_distractor_044_orig,pair_044,mechanistic_distractor,original,direct,mechanistic,final_token,2,0.9823511242866516,0.01764887571334839
mechanistic_distractor_044_orig,pair_044,mechanistic_distractor,original,direct,mechanistic,final_token,3,0.9631811380386353,0.036818861961364746
mechanistic_distractor_044_orig,pair_044,mechanistic_distractor,original,direct,mechanistic,final_token,4,0.9426385164260864,0.057361483573913574
mechanistic_distractor_044_orig,pair_044,mechanistic_distractor,original,direct,mechanistic,final_token,5,0.9568073749542236,0.04319262504577637
mechanistic_distractor_044_orig,pair_044,mechanistic_distractor,original,direct,mechanistic,final_token,6,0.9687703251838684,0.031229674816131592
mechanistic_distractor_044_orig,pair_044,mechanistic_distractor,original,direct,confounding_aware,final_token,0,1.0,0.0
mechanistic_distractor_044_orig,pair_044,mechanistic_distractor,original,direct,confounding_aware,final_token,1,0.9986456036567688,0.0013543963432312012
mechanistic_distractor_044_orig,pair_044,mechanistic_distractor,original,direct,confounding_aware,final_token,2,0.9809769988059998,0.019023001194000244
mechanistic_distractor_044_orig,pair_044,mechanistic_distractor,original,direct,confounding_aware,final_token,3,0.9596003293991089,0.04039967060089111
mechanistic_distractor_044_orig,pair_044,mechanistic_distractor,original,direct,confounding_aware,final_token,4,0.9564238786697388,0.04357612133026123
mechanistic_distractor_044_orig,pair_044,mechanistic_distractor,original,direct,confounding_aware,final_token,5,0.9636157751083374,0.0363842248916626
mechanistic_distractor_044_orig,pair_044,mechanistic_distractor,original,direct,confounding_aware,final_token,6,0.9721558094024658,0.02784419059753418
mechanistic_distractor_044_orig,pair_044,mechanistic_distractor,original,direct,adversarial,final_token,0,1.0,0.0
mechanistic_distractor_044_orig,pair_044,mechanistic_distractor,original,direct,adversarial,final_token,1,0.9981644749641418,0.0018355250358581543
mechanistic_distractor_044_orig,pair_044,mechanistic_distractor,original,direct,adversarial,final_token,2,0.9848735928535461,0.015126407146453857
mechanistic_distractor_044_orig,pair_044,mechanistic_distractor,original,direct,adversarial,final_token,3,0.9626933932304382,0.03730660676956177
mechanistic_distractor_044_orig,pair_044,mechanistic_distractor,original,direct,adversarial,final_token,4,0.9652873873710632,0.03471261262893677
mechanistic_distractor_044_orig,pair_044,mechanistic_distractor,original,direct,adversarial,final_token,5,0.9676213264465332,0.0323786735534668
mechanistic_distractor_044_orig,pair_044,mechanistic_distractor,original,direct,adversarial,final_token,6,0.9691402316093445,0.030859768390655518
mechanistic_distractor_048_orig,pair_048,mechanistic_distractor,original,direct,mechanistic,final_token,0,1.0,0.0
mechanistic_distractor_048_orig,pair_048,mechanistic_distractor,original,direct,mechanistic,final_token,1,0.9982759356498718,0.0017240643501281738
mechanistic_distractor_048_orig,pair_048,mechanistic_distractor,original,direct,mechanistic,final_token,2,0.9814518094062805,0.018548190593719482
mechanistic_distractor_048_orig,pair_048,mechanistic_distractor,original,direct,mechanistic,final_token,3,0.9630663990974426,0.03693360090255737
mechanistic_distractor_048_orig,pair_048,mechanistic_distractor,original,direct,mechanistic,final_token,4,0.9438520073890686,0.056147992610931396
mechanistic_distractor_048_orig,pair_048,mechanistic_distractor,original,direct,mechanistic,final_token,5,0.9578079581260681,0.042192041873931885
mechanistic_distractor_048_orig,pair_048,mechanistic_distractor,original,direct,mechanistic,final_token,6,0.9685399532318115,0.03146004676818848
mechanistic_distractor_048_orig,pair_048,mechanistic_distractor,original,direct,confounding_aware,final_token,0,1.0,0.0
mechanistic_distractor_048_orig,pair_048,mechanistic_distractor,original,direct,confounding_aware,final_token,1,0.9986481666564941,0.0013518333435058594
mechanistic_distractor_048_orig,pair_048,mechanistic_distractor,original,direct,confounding_aware,final_token,2,0.9799688458442688,0.0200311541557312
mechanistic_distractor_048_orig,pair_048,mechanistic_distractor,original,direct,confounding_aware,final_token,3,0.9596684575080872,0.04033154249191284
mechanistic_distractor_048_orig,pair_048,mechanistic_distractor,original,direct,confounding_aware,final_token,4,0.9554576873779297,0.04454231262207031
mechanistic_distractor_048_orig,pair_048,mechanistic_distractor,original,direct,confounding_aware,final_token,5,0.962649405002594,0.037350594997406006
mechanistic_distractor_048_orig,pair_048,mechanistic_distractor,original,direct,confounding_aware,final_token,6,0.9711282253265381,0.028871774673461914
mechanistic_distractor_048_orig,pair_048,mechanistic_distractor,original,direct,adversarial,final_token,0,1.0,0.0
mechanistic_distractor_048_orig,pair_048,mechanistic_distractor,original,direct,adversarial,final_token,1,0.9980530142784119,0.0019469857215881348
mechanistic_distractor_048_orig,pair_048,mechanistic_distractor,original,direct,adversarial,final_token,2,0.9843636155128479,0.0156363844871521
mechanistic_distractor_048_orig,pair_048,mechanistic_distractor,original,direct,adversarial,final_token,3,0.9623948335647583,0.0376051664352417
mechanistic_distractor_048_orig,pair_048,mechanistic_distractor,original,direct,adversarial,final_token,4,0.9654853940010071,0.03451460599899292
mechanistic_distractor_048_orig,pair_048,mechanistic_distractor,original,direct,adversarial,final_token,5,0.9679991006851196,0.03200089931488037
mechanistic_distractor_048_orig,pair_048,mechanistic_distractor,original,direct,adversarial,final_token,6,0.9698852896690369,0.030114710330963135
selection_bias_003_orig,pair_003,selection_bias,original,direct,mechanistic,final_token,0,1.0,0.0
selection_bias_003_orig,pair_003,selection_bias,original,direct,mechanistic,final_token,1,0.9976907968521118,0.0023092031478881836
selection_bias_003_orig,pair_003,selection_bias,original,direct,mechanistic,final_token,2,0.9799998998641968,0.020000100135803223
selection_bias_003_orig,pair_003,selection_bias,original,direct,mechanistic,final_token,3,0.9624691009521484,0.03753089904785156
selection_bias_003_orig,pair_003,selection_bias,original,direct,mechanistic,final_token,4,0.9370284080505371,0.06297159194946289
selection_bias_003_orig,pair_003,selection_bias,original,direct,mechanistic,final_token,5,0.9532045722007751,0.046795427799224854
selection_bias_003_orig,pair_003,selection_bias,original,direct,mechanistic,final_token,6,0.9675056338310242,0.03249436616897583
selection_bias_003_orig,pair_003,selection_bias,original,direct,confounding_aware,final_token,0,1.0,0.0
selection_bias_003_orig,pair_003,selection_bias,original,direct,confounding_aware,final_token,1,0.9984960556030273,0.0015039443969726562
selection_bias_003_orig,pair_003,selection_bias,original,direct,confounding_aware,final_token,2,0.9799333810806274,0.02006661891937256
selection_bias_003_orig,pair_003,selection_bias,original,direct,confounding_aware,final_token,3,0.9605323672294617,0.03946763277053833
selection_bias_003_orig,pair_003,selection_bias,original,direct,confounding_aware,final_token,4,0.9573434591293335,0.042656540870666504
selection_bias_003_orig,pair_003,selection_bias,original,direct,confounding_aware,final_token,5,0.9644338488578796,0.03556615114212036
selection_bias_003_orig,pair_003,selection_bias,original,direct,confounding_aware,final_token,6,0.971571147441864,0.028428852558135986
selection_bias_003_orig,pair_003,selection_bias,original,direct,adversarial,final_token,0,1.0,0.0
selection_bias_003_orig,pair_003,selection_bias,original,direct,adversarial,final_token,1,0.9979950785636902,0.0020049214363098145
selection_bias_003_orig,pair_003,selection_bias,original,direct,adversarial,final_token,2,0.984711229801178,0.015288770198822021
selection_bias_003_orig,pair_003,selection_bias,original,direct,adversarial,final_token,3,0.9640132784843445,0.03598672151565552
selection_bias_003_orig,pair_003,selection_bias,original,direct,adversarial,final_token,4,0.9672215580940247,0.03277844190597534
selection_bias_003_orig,pair_003,selection_bias,original,direct,adversarial,final_token,5,0.9678266644477844,0.032173335552215576
selection_bias_003_orig,pair_003,selection_bias,original,direct,adversarial,final_token,6,0.9670013785362244,0.032998621463775635
selection_bias_007_orig,pair_007,selection_bias,original,direct,mechanistic,final_token,0,1.0,0.0
selection_bias_007_orig,pair_007,selection_bias,original,direct,mechanistic,final_token,1,0.9978309273719788,0.0021690726280212402
selection_bias_007_orig,pair_007,selection_bias,original,direct,mechanistic,final_token,2,0.979817807674408,0.02018219232559204
selection_bias_007_orig,pair_007,selection_bias,original,direct,mechanistic,final_token,3,0.9617694616317749,0.0382305383682251
selection_bias_007_orig,pair_007,selection_bias,original,direct,mechanistic,final_token,4,0.9380197525024414,0.061980247497558594
selection_bias_007_orig,pair_007,selection_bias,original,direct,mechanistic,final_token,5,0.9542797803878784,0.04572021961212158
selection_bias_007_orig,pair_007,selection_bias,original,direct,mechanistic,final_token,6,0.9685645699501038,0.03143543004989624
selection_bias_007_orig,pair_007,selection_bias,original,direct,confounding_aware,final_token,0,1.0,0.0
selection_bias_007_orig,pair_007,selection_bias,original,direct,confounding_aware,final_token,1,0.9986387491226196,0.001361250877380371
selection_bias_007_orig,pair_007,selection_bias,original,direct,confounding_aware,final_token,2,0.9792144894599915,0.020785510540008545
selection_bias_007_orig,pair_007,selection_bias,original,direct,confounding_aware,final_token,3,0.9599198698997498,0.040080130100250244
selection_bias_007_orig,pair_007,selection_bias,original,direct,confounding_aware,final_token,4,0.9570693969726562,0.04293060302734375
selection_bias_007_orig,pair_007,selection_bias,original,direct,confounding_aware,final_token,5,0.9642898440361023,0.035710155963897705
selection_bias_007_orig,pair_007,selection_bias,original,direct,confounding_aware,final_token,6,0.9716861844062805,0.028313815593719482
selection_bias_007_orig,pair_007,selection_bias,original,direct,adversarial,final_token,0,1.0,0.0
selection_bias_007_orig,pair_007,selection_bias,original,direct,adversarial,final_token,1,0.9979087710380554,0.00209122896194458
selection_bias_007_orig,pair_007,selection_bias,original,direct,adversarial,final_token,2,0.983622133731842,0.01637786626815796
selection_bias_007_orig,pair_007,selection_bias,original,direct,adversarial,final_token,3,0.9634090662002563,0.03659093379974365
selection_bias_007_orig,pair_007,selection_bias,original,direct,adversarial,final_token,4,0.9661827683448792,0.03381723165512085
selection_bias_007_orig,pair_007,selection_bias,original,direct,adversarial,final_token,5,0.9671822190284729,0.0328177809715271
selection_bias_007_orig,pair_007,selection_bias,original,direct,adversarial,final_token,6,0.9659237265586853,0.0340762734413147
selection_bias_011_orig,pair_011,selection_bias,original,direct,mechanistic,final_token,0,1.0,0.0
selection_bias_011_orig,pair_011,selection_bias,original,direct,mechanistic,final_token,1,0.9976517558097839,0.0023482441902160645
selection_bias_011_orig,pair_011,selection_bias,original,direct,mechanistic,final_token,2,0.9802413582801819,0.019758641719818115
selection_bias_011_orig,pair_011,selection_bias,original,direct,mechanistic,final_token,3,0.9625889658927917,0.03741103410720825
selection_bias_011_orig,pair_011,selection_bias,original,direct,mechanistic,final_token,4,0.9369686245918274,0.06303137540817261
selection_bias_011_orig,pair_011,selection_bias,original,direct,mechanistic,final_token,5,0.953274667263031,0.046725332736968994
selection_bias_011_orig,pair_011,selection_bias,original,direct,mechanistic,final_token,6,0.9675201773643494,0.032479822635650635
selection_bias_011_orig,pair_011,selection_bias,original,direct,confounding_aware,final_token,0,1.0,0.0
selection_bias_011_orig,pair_011,selection_bias,original,direct,confounding_aware,final_token,1,0.9984898567199707,0.0015101432800292969
selection_bias_011_orig,pair_011,selection_bias,original,direct,confounding_aware,final_token,2,0.9800602197647095,0.019939780235290527
selection_bias_011_orig,pair_011,selection_bias,original,direct,confounding_aware,final_token,3,0.9605518579483032,0.03944814205169678
selection_bias_011_orig,pair_011,selection_bias,original,direct,confounding_aware,final_token,4,0.9572440385818481,0.042755961418151855
selection_bias_011_orig,pair_011,selection_bias,original,direct,confounding_aware,final_token,5,0.9643508195877075,0.03564918041229248
selection_bias_011_orig,pair_011,selection_bias,original,direct,confounding_aware,final_token,6,0.9713810086250305,0.028618991374969482
selection_bias_011_orig,pair_011,selection_bias,original,direct,adversarial,final_token,0,1.0,0.0
selection_bias_011_orig,pair_011,selection_bias,original,direct,adversarial,final_token,1,0.9979714751243591,0.002028524875640869
selection_bias_011_orig,pair_011,selection_bias,original,direct,adversarial,final_token,2,0.9849284887313843,0.015071511268615723
selection_bias_011_orig,pair_011,selection_bias,original,direct,adversarial,final_token,3,0.9641789793968201,0.03582102060317993
selection_bias_011_orig,pair_011,selection_bias,original,direct,adversarial,final_token,4,0.9674285650253296,0.03257143497467041
selection_bias_011_orig,pair_011,selection_bias,original,direct,adversarial,final_token,5,0.967559814453125,0.032440185546875
selection_bias_011_orig,pair_011,selection_bias,original,direct,adversarial,final_token,6,0.9667297005653381,0.033270299434661865
selection_bias_015_orig,pair_015,selection_bias,original,direct,mechanistic,final_token,0,1.0,0.0
selection_bias_015_orig,pair_015,selection_bias,original,direct,mechanistic,final_token,1,0.997651219367981,0.002348780632019043
selection_bias_015_orig,pair_015,selection_bias,original,direct,mechanistic,final_token,2,0.9800286293029785,0.019971370697021484
selection_bias_015_orig,pair_015,selection_bias,original,direct,mechanistic,final_token,3,0.9623042345046997,0.03769576549530029
selection_bias_015_orig,pair_015,selection_bias,original,direct,mechanistic,final_token,4,0.9366338849067688,0.0633661150932312
selection_bias_015_orig,pair_015,selection_bias,original,direct,mechanistic,final_token,5,0.9529940485954285,0.04700595140457153
selection_bias_015_orig,pair_015,selection_bias,original,direct,mechanistic,final_token,6,0.967324435710907,0.03267556428909302
selection_bias_015_orig,pair_015,selection_bias,original,direct,confounding_aware,final_token,0,1.0,0.0
selection_bias_015_orig,pair_015,selection_bias,original,direct,confounding_aware,final_token,1,0.9984893798828125,0.0015106201171875
selection_bias_015_orig,pair_015,selection_bias,original,direct,confounding_aware,final_token,2,0.979828953742981,0.020171046257019043
selection_bias_015_orig,pair_015,selection_bias,original,direct,confounding_aware,final_token,3,0.9602689146995544,0.03973108530044556
selection_bias_015_orig,pair_015,selection_bias,original,direct,confounding_aware,final_token,4,0.9571363925933838,0.04286360740661621
selection_bias_015_orig,pair_015,selection_bias,original,direct,confounding_aware,final_token,5,0.9642609357833862,0.03573906421661377
selection_bias_015_orig,pair_015,selection_bias,original,direct,confounding_aware,final_token,6,0.9713181257247925,0.02868187427520752
selection_bias_015_orig,pair_015,selection_bias,original,direct,adversarial,final_token,0,1.0,0.0
selection_bias_015_orig,pair_015,selection_bias,original,direct,adversarial,final_token,1,0.9979777336120605,0.002022266387939453
selection_bias_015_orig,pair_015,selection_bias,original,direct,adversarial,final_token,2,0.9847410917282104,0.01525890827178955
selection_bias_015_orig,pair_015,selection_bias,original,direct,adversarial,final_token,3,0.9639396071434021,0.0360603928565979
selection_bias_015_orig,pair_015,selection_bias,original,direct,adversarial,final_token,4,0.9674198627471924,0.03258013725280762
selection_bias_015_orig,pair_015,selection_bias,original,direct,adversarial,final_token,5,0.9675483107566833,0.03245168924331665
selection_bias_015_orig,pair_015,selection_bias,original,direct,adversarial,final_token,6,0.9666926860809326,0.03330731391906738
selection_bias_019_orig,pair_019,selection_bias,original,direct,mechanistic,final_token,0,1.0,0.0
selection_bias_019_orig,pair_019,selection_bias,original,direct,mechanistic,final_token,1,0.9977089166641235,0.002291083335876465
selection_bias_019_orig,pair_019,selection_bias,original,direct,mechanistic,final_token,2,0.9800360798835754,0.01996392011642456
selection_bias_019_orig,pair_019,selection_bias,original,direct,mechanistic,final_token,3,0.9624202251434326,0.03757977485656738
selection_bias_019_orig,pair_019,selection_bias,original,direct,mechanistic,final_token,4,0.9382374882698059,0.06176251173019409
selection_bias_019_orig,pair_019,selection_bias,original,direct,mechanistic,final_token,5,0.9542257189750671,0.04577428102493286
selection_bias_019_orig,pair_019,selection_bias,original,direct,mechanistic,final_token,6,0.9679158926010132,0.032084107398986816
selection_bias_019_orig,pair_019,selection_bias,original,direct,confounding_aware,final_token,0,1.0,0.0
selection_bias_019_orig,pair_019,selection_bias,original,direct,confounding_aware,final_token,1,0.9985002875328064,0.0014997124671936035
selection_bias_019_orig,pair_019,selection_bias,original,direct,confounding_aware,final_token,2,0.9800112247467041,0.0199887752532959
selection_bias_019_orig,pair_019,selection_bias,original,direct,confounding_aware,final_token,3,0.9605282545089722,0.03947174549102783
selection_bias_019_orig,pair_019,selection_bias,original,direct,confounding_aware,final_token,4,0.9579845070838928,0.04201549291610718
selection_bias_019_orig,pair_019,selection_bias,original,direct,confounding_aware,final_token,5,0.9648242592811584,0.03517574071884155
selection_bias_019_orig,pair_019,selection_bias,original,direct,confounding_aware,final_token,6,0.9718137979507446,0.02818620204925537
selection_bias_019_orig,pair_019,selection_bias,original,direct,adversarial,final_token,0,1.0,0.0
selection_bias_019_orig,pair_019,selection_bias,original,direct,adversarial,final_token,1,0.9979854822158813,0.0020145177841186523
selection_bias_019_orig,pair_019,selection_bias,original,direct,adversarial,final_token,2,0.9847680926322937,0.015231907367706299
selection_bias_019_orig,pair_019,selection_bias,original,direct,adversarial,final_token,3,0.9639712572097778,0.03602874279022217
selection_bias_019_orig,pair_019,selection_bias,original,direct,adversarial,final_token,4,0.9675320386886597,0.03246796131134033
selection_bias_019_orig,pair_019,selection_bias,original,direct,adversarial,final_token,5,0.9679946899414062,0.03200531005859375
selection_bias_019_orig,pair_019,selection_bias,original,direct,adversarial,final_token,6,0.9673571586608887,0.03264284133911133
selection_bias_023_orig,pair_023,selection_bias,original,direct,mechanistic,final_token,0,1.0,0.0
selection_bias_023_orig,pair_023,selection_bias,original,direct,mechanistic,final_token,1,0.99769127368927,0.0023087263107299805
selection_bias_023_orig,pair_023,selection_bias,original,direct,mechanistic,final_token,2,0.9801963567733765,0.019803643226623535
selection_bias_023_orig,pair_023,selection_bias,original,direct,mechanistic,final_token,3,0.9627311825752258,0.03726881742477417
selection_bias_023_orig,pair_023,selection_bias,original,direct,mechanistic,final_token,4,0.9372504949569702,0.06274950504302979
selection_bias_023_orig,pair_023,selection_bias,original,direct,mechanistic,final_token,5,0.9533864259719849,0.04661357402801514
selection_bias_023_orig,pair_023,selection_bias,original,direct,mechanistic,final_token,6,0.967645525932312,0.03235447406768799
selection_bias_023_orig,pair_023,selection_bias,original,direct,confounding_aware,final_token,0,1.0,0.0
selection_bias_023_orig,pair_023,selection_bias,original,direct,confounding_aware,final_token,1,0.9984966516494751,0.0015033483505249023
selection_bias_023_orig,pair_023,selection_bias,original,direct,confounding_aware,final_token,2,0.9801474213600159,0.01985257863998413
selection_bias_023_orig,pair_023,selection_bias,original,direct,confounding_aware,final_token,3,0.9607978463172913,0.03920215368270874
selection_bias_023_orig,pair_023,selection_bias,original,direct,confounding_aware,final_token,4,0.9574230313301086,0.04257696866989136
selection_bias_023_orig,pair_023,selection_bias,original,direct,confounding_aware,final_token,5,0.9644851088523865,0.035514891147613525
selection_bias_023_orig,pair_023,selection_bias,original,direct,confounding_aware,final_token,6,0.9715912938117981,0.028408706188201904
selection_bias_023_orig,pair_023,selection_bias,original,direct,adversarial,final_token,0,1.0,0.0
selection_bias_023_orig,pair_023,selection_bias,original,direct,adversarial,final_token,1,0.9979884028434753,0.002011597156524658
selection_bias_023_orig,pair_023,selection_bias,original,direct,adversarial,final_token,2,0.984887421131134,0.015112578868865967
selection_bias_023_orig,pair_023,selection_bias,original,direct,adversarial,final_token,3,0.9642418026924133,0.03575819730758667
selection_bias_023_orig,pair_023,selection_bias,original,direct,adversarial,final_token,4,0.9672257900238037,0.03277420997619629
selection_bias_023_orig,pair_023,selection_bias,original,direct,adversarial,final_token,5,0.9678112268447876,0.0321887731552124
selection_bias_023_orig,pair_023,selection_bias,original,direct,adversarial,final_token,6,0.966987669467926,0.033012330532073975
selection_bias_027_orig,pair_027,selection_bias,original,direct,mechanistic,final_token,0,1.0,0.0
selection_bias_027_orig,pair_027,selection_bias,original,direct,mechanistic,final_token,1,0.9976533651351929,0.002346634864807129
selection_bias_027_orig,pair_027,selection_bias,original,direct,mechanistic,final_token,2,0.9800535440444946,0.01994645595550537
selection_bias_027_orig,pair_027,selection_bias,original,direct,mechanistic,final_token,3,0.9622879028320312,0.03771209716796875
selection_bias_027_orig,pair_027,selection_bias,original,direct,mechanistic,final_token,4,0.9374185800552368,0.06258141994476318
selection_bias_027_orig,pair_027,selection_bias,original,direct,mechanistic,final_token,5,0.9535825848579407,0.046417415142059326
selection_bias_027_orig,pair_027,selection_bias,original,direct,mechanistic,final_token,6,0.9677568078041077,0.032243192195892334
selection_bias_027_orig,pair_027,selection_bias,original,direct,confounding_aware,final_token,0,1.0,0.0
selection_bias_027_orig,pair_027,selection_bias,original,direct,confounding_aware,final_token,1,0.9984884858131409,0.0015115141868591309
selection_bias_027_orig,pair_027,selection_bias,original,direct,confounding_aware,final_token,2,0.9798938632011414,0.020106136798858643
selection_bias_027_orig,pair_027,selection_bias,original,direct,confounding_aware,final_token,3,0.9602686166763306,0.039731383323669434
selection_bias_027_orig,pair_027,selection_bias,original,direct,confounding_aware,final_token,4,0.9570835828781128,0.04291641712188721
selection_bias_027_orig,pair_027,selection_bias,original,direct,confounding_aware,final_token,5,0.964037299156189,0.035962700843811035
selection_bias_027_orig,pair_027,selection_bias,original,direct,confounding_aware,final_token,6,0.9712525010108948,0.028747498989105225
selection_bias_027_orig,pair_027,selection_bias,original,direct,adversarial,final_token,0,1.0,0.0
selection_bias_027_orig,pair_027,selection_bias,original,direct,adversarial,final_token,1,0.9979789853096008,0.00202101469039917
selection_bias_027_orig,pair_027,selection_bias,original,direct,adversarial,final_token,2,0.9847803115844727,0.015219688415527344
selection_bias_027_orig,pair_027,selection_bias,original,direct,adversarial,final_token,3,0.963935911655426,0.036064088344573975
selection_bias_027_orig,pair_027,selection_bias,original,direct,adversarial,final_token,4,0.9673478007316589,0.032652199268341064
selection_bias_027_orig,pair_027,selection_bias,original,direct,adversarial,final_token,5,0.9675883054733276,0.03241169452667236
selection_bias_027_orig,pair_027,selection_bias,original,direct,adversarial,final_token,6,0.9667536616325378,0.03324633836746216
selection_bias_031_orig,pair_031,selection_bias,original,direct,mechanistic,final_token,0,1.0,0.0
selection_bias_031_orig,pair_031,selection_bias,original,direct,mechanistic,final_token,1,0.9977066516876221,0.0022933483123779297
selection_bias_031_orig,pair_031,selection_bias,original,direct,mechanistic,final_token,2,0.9801093935966492,0.01989060640335083
selection_bias_031_orig,pair_031,selection_bias,original,direct,mechanistic,final_token,3,0.9626741409301758,0.03732585906982422
selection_bias_031_orig,pair_031,selection_bias,original,direct,mechanistic,final_token,4,0.9372163414955139,0.06278365850448608
selection_bias_031_orig,pair_031,selection_bias,original,direct,mechanistic,final_token,5,0.9532960057258606,0.046703994274139404
selection_bias_031_orig,pair_031,selection_bias,original,direct,mechanistic,final_token,6,0.9675869345664978,0.0324130654335022
selection_bias_031_orig,pair_031,selection_bias,original,direct,confounding_aware,final_token,0,1.0,0.0
selection_bias_031_orig,pair_031,selection_bias,original,direct,confounding_aware,final_token,1,0.9984995126724243,0.0015004873275756836
selection_bias_031_orig,pair_031,selection_bias,original,direct,confounding_aware,final_token,2,0.9800352454185486,0.019964754581451416
selection_bias_031_orig,pair_031,selection_bias,original,direct,confounding_aware,final_token,3,0.9607653617858887,0.03923463821411133
selection_bias_031_orig,pair_031,selection_bias,original,direct,confounding_aware,final_token,4,0.9574741721153259,0.04252582788467407
selection_bias_031_orig,pair_031,selection_bias,original,direct,confounding_aware,final_token,5,0.9644304513931274,0.03556954860687256
selection_bias_031_orig,pair_031,selection_bias,original,direct,confounding_aware,final_token,6,0.9715550541877747,0.028444945812225342
selection_bias_031_orig,pair_031,selection_bias,original,direct,adversarial,final_token,0,1.0,0.0
selection_bias_031_orig,pair_031,selection_bias,original,direct,adversarial,final_token,1,0.9979895949363708,0.0020104050636291504
selection_bias_031_orig,pair_031,selection_bias,original,direct,adversarial,final_token,2,0.9848094582557678,0.015190541744232178
selection_bias_031_orig,pair_031,selection_bias,original,direct,adversarial,final_token,3,0.9642087817192078,0.035791218280792236
selection_bias_031_orig,pair_031,selection_bias,original,direct,adversarial,final_token,4,0.9672672152519226,0.03273278474807739
selection_bias_031_orig,pair_031,selection_bias,original,direct,adversarial,final_token,5,0.9678735136985779,0.03212648630142212
selection_bias_031_orig,pair_031,selection_bias,original,direct,adversarial,final_token,6,0.9670677781105042,0.03293222188949585
selection_bias_035_orig,pair_035,selection_bias,original,direct,mechanistic,final_token,0,1.0,0.0
selection_bias_035_orig,pair_035,selection_bias,original,direct,mechanistic,final_token,1,0.9976909756660461,0.0023090243339538574
selection_bias_035_orig,pair_035,selection_bias,original,direct,mechanistic,final_token,2,0.9798871874809265,0.020112812519073486
selection_bias_035_orig,pair_035,selection_bias,original,direct,mechanistic,final_token,3,0.9622201323509216,0.03777986764907837
selection_bias_035_orig,pair_035,selection_bias,original,direct,mechanistic,final_token,4,0.9371840953826904,0.06281590461730957
selection_bias_035_orig,pair_035,selection_bias,original,direct,mechanistic,final_token,5,0.9534724354743958,0.04652756452560425
selection_bias_035_orig,pair_035,selection_bias,original,direct,mechanistic,final_token,6,0.9674003720283508,0.03259962797164917
selection_bias_035_orig,pair_035,selection_bias,original,direct,confounding_aware,final_token,0,1.0,0.0
selection_bias_035_orig,pair_035,selection_bias,original,direct,confounding_aware,final_token,1,0.9984979033470154,0.0015020966529846191
selection_bias_035_orig,pair_035,selection_bias,original,direct,confounding_aware,final_token,2,0.9798319339752197,0.020168066024780273
selection_bias_035_orig,pair_035,selection_bias,original,direct,confounding_aware,final_token,3,0.960286557674408,0.03971344232559204
selection_bias_035_orig,pair_035,selection_bias,original,direct,confounding_aware,final_token,4,0.9578437805175781,0.042156219482421875
selection_bias_035_orig,pair_035,selection_bias,original,direct,confounding_aware,final_token,5,0.9649853706359863,0.03501462936401367
selection_bias_035_orig,pair_035,selection_bias,original,direct,confounding_aware,final_token,6,0.9719095230102539,0.028090476989746094
selection_bias_035_orig,pair_035,selection_bias,original,direct,adversarial,final_token,0,1.0,0.0
selection_bias_035_orig,pair_035,selection_bias,original,direct,adversarial,final_token,1,0.9979895949363708,0.0020104050636291504
selection_bias_035_orig,pair_035,selection_bias,original,direct,adversarial,final_token,2,0.9846192598342896,0.01538074016571045
selection_bias_035_orig,pair_035,selection_bias,original,direct,adversarial,final_token,3,0.9637628793716431,0.036237120628356934
selection_bias_035_orig,pair_035,selection_bias,original,direct,adversarial,final_token,4,0.9675244688987732,0.03247553110122681
selection_bias_035_orig,pair_035,selection_bias,original,direct,adversarial,final_token,5,0.9679332375526428,0.03206676244735718
selection_bias_035_orig,pair_035,selection_bias,original,direct,adversarial,final_token,6,0.9672636985778809,0.03273630142211914
selection_bias_039_orig,pair_039,selection_bias,original,direct,mechanistic,final_token,0,1.0,0.0
selection_bias_039_orig,pair_039,selection_bias,original,direct,mechanistic,final_token,1,0.9977599382400513,0.0022400617599487305
selection_bias_039_orig,pair_039,selection_bias,original,direct,mechanistic,final_token,2,0.9799164533615112,0.02008354663848877
selection_bias_039_orig,pair_039,selection_bias,original,direct,mechanistic,final_token,3,0.9618778228759766,0.03812217712402344
selection_bias_039_orig,pair_039,selection_bias,original,direct,mechanistic,final_token,4,0.9384844899177551,0.06151551008224487
selection_bias_039_orig,pair_039,selection_bias,original,direct,mechanistic,final_token,5,0.9546376466751099,0.04536235332489014
selection_bias_039_orig,pair_039,selection_bias,original,direct,mechanistic,final_token,6,0.9682520031929016,0.03174799680709839
selection_bias_039_orig,pair_039,selection_bias,original,direct,confounding_aware,final_token,0,1.0,0.0
selection_bias_039_orig,pair_039,selection_bias,original,direct,confounding_aware,final_token,1,0.9985824227333069,0.0014175772666931152
selection_bias_039_orig,pair_039,selection_bias,original,direct,confounding_aware,final_token,2,0.9796563982963562,0.0203436017036438
selection_bias_039_orig,pair_039,selection_bias,original,direct,confounding_aware,final_token,3,0.9600785374641418,0.039921462535858154
selection_bias_039_orig,pair_039,selection_bias,original,direct,confounding_aware,final_token,4,0.9575433731079102,0.042456626892089844
selection_bias_039_orig,pair_039,selection_bias,original,direct,confounding_aware,final_token,5,0.9648798108100891,0.03512018918991089
selection_bias_039_orig,pair_039,selection_bias,original,direct,confounding_aware,final_token,6,0.9719509482383728,0.028049051761627197
selection_bias_039_orig,pair_039,selection_bias,original,direct,adversarial,final_token,0,1.0,0.0
selection_bias_039_orig,pair_039,selection_bias,original,direct,adversarial,final_token,1,0.9979925751686096,0.002007424831390381
selection_bias_039_orig,pair_039,selection_bias,original,direct,adversarial,final_token,2,0.98418790102005,0.01581209897994995
selection_bias_039_orig,pair_039,selection_bias,original,direct,adversarial,final_token,3,0.9633591175079346,0.03664088249206543
selection_bias_039_orig,pair_039,selection_bias,original,direct,adversarial,final_token,4,0.966631293296814,0.033368706703186035
selection_bias_039_orig,pair_039,selection_bias,original,direct,adversarial,final_token,5,0.9672838449478149,0.03271615505218506
selection_bias_039_orig,pair_039,selection_bias,original,direct,adversarial,final_token,6,0.966404378414154,0.03359562158584595
selection_bias_043_orig,pair_043,selection_bias,original,direct,mechanistic,final_token,0,1.0,0.0
selection_bias_043_orig,pair_043,selection_bias,original,direct,mechanistic,final_token,1,0.9977066516876221,0.0022933483123779297
selection_bias_043_orig,pair_043,selection_bias,original,direct,mechanistic,final_token,2,0.9801093935966492,0.01989060640335083
selection_bias_043_orig,pair_043,selection_bias,original,direct,mechanistic,final_token,3,0.9626741409301758,0.03732585906982422
selection_bias_043_orig,pair_043,selection_bias,original,direct,mechanistic,final_token,4,0.9372163414955139,0.06278365850448608
selection_bias_043_orig,pair_043,selection_bias,original,direct,mechanistic,final_token,5,0.9532960057258606,0.046703994274139404
selection_bias_043_orig,pair_043,selection_bias,original,direct,mechanistic,final_token,6,0.9675869345664978,0.0324130654335022
selection_bias_043_orig,pair_043,selection_bias,original,direct,confounding_aware,final_token,0,1.0,0.0
selection_bias_043_orig,pair_043,selection_bias,original,direct,confounding_aware,final_token,1,0.9984995126724243,0.0015004873275756836
selection_bias_043_orig,pair_043,selection_bias,original,direct,confounding_aware,final_token,2,0.9800352454185486,0.019964754581451416
selection_bias_043_orig,pair_043,selection_bias,original,direct,confounding_aware,final_token,3,0.9607653617858887,0.03923463821411133
selection_bias_043_orig,pair_043,selection_bias,original,direct,confounding_aware,final_token,4,0.9574741721153259,0.04252582788467407
selection_bias_043_orig,pair_043,selection_bias,original,direct,confounding_aware,final_token,5,0.9644304513931274,0.03556954860687256
selection_bias_043_orig,pair_043,selection_bias,original,direct,confounding_aware,final_token,6,0.9715550541877747,0.028444945812225342
selection_bias_043_orig,pair_043,selection_bias,original,direct,adversarial,final_token,0,1.0,0.0
selection_bias_043_orig,pair_043,selection_bias,original,direct,adversarial,final_token,1,0.9979895949363708,0.0020104050636291504
selection_bias_043_orig,pair_043,selection_bias,original,direct,adversarial,final_token,2,0.9848094582557678,0.015190541744232178
selection_bias_043_orig,pair_043,selection_bias,original,direct,adversarial,final_token,3,0.9642087817192078,0.035791218280792236
selection_bias_043_orig,pair_043,selection_bias,original,direct,adversarial,final_token,4,0.9672672152519226,0.03273278474807739
selection_bias_043_orig,pair_043,selection_bias,original,direct,adversarial,final_token,5,0.9678735136985779,0.03212648630142212
selection_bias_043_orig,pair_043,selection_bias,original,direct,adversarial,final_token,6,0.9670677781105042,0.03293222188949585
selection_bias_047_orig,pair_047,selection_bias,original,direct,mechanistic,final_token,0,1.0,0.0
selection_bias_047_orig,pair_047,selection_bias,original,direct,mechanistic,final_token,1,0.997757077217102,0.0022429227828979492
selection_bias_047_orig,pair_047,selection_bias,original,direct,mechanistic,final_token,2,0.9797967672348022,0.020203232765197754
selection_bias_047_orig,pair_047,selection_bias,original,direct,mechanistic,final_token,3,0.9618701934814453,0.03812980651855469
selection_bias_047_orig,pair_047,selection_bias,original,direct,mechanistic,final_token,4,0.938524603843689,0.061475396156311035
selection_bias_047_orig,pair_047,selection_bias,original,direct,mechanistic,final_token,5,0.9546714425086975,0.04532855749130249
selection_bias_047_orig,pair_047,selection_bias,original,direct,mechanistic,final_token,6,0.9682143330574036,0.031785666942596436
selection_bias_047_orig,pair_047,selection_bias,original,direct,confounding_aware,final_token,0,1.0,0.0
selection_bias_047_orig,pair_047,selection_bias,original,direct,confounding_aware,final_token,1,0.998587965965271,0.001412034034729004
selection_bias_047_orig,pair_047,selection_bias,original,direct,confounding_aware,final_token,2,0.9795538187026978,0.020446181297302246
selection_bias_047_orig,pair_047,selection_bias,original,direct,confounding_aware,final_token,3,0.9601215720176697,0.03987842798233032
selection_bias_047_orig,pair_047,selection_bias,original,direct,confounding_aware,final_token,4,0.9576658010482788,0.04233419895172119
selection_bias_047_orig,pair_047,selection_bias,original,direct,confounding_aware,final_token,5,0.9647826552391052,0.035217344760894775
selection_bias_047_orig,pair_047,selection_bias,original,direct,confounding_aware,final_token,6,0.9718533754348755,0.02814662456512451
selection_bias_047_orig,pair_047,selection_bias,original,direct,adversarial,final_token,0,1.0,0.0
selection_bias_047_orig,pair_047,selection_bias,original,direct,adversarial,final_token,1,0.997992753982544,0.0020072460174560547
selection_bias_047_orig,pair_047,selection_bias,original,direct,adversarial,final_token,2,0.98408442735672,0.01591557264328003
selection_bias_047_orig,pair_047,selection_bias,original,direct,adversarial,final_token,3,0.963378369808197,0.03662163019180298
selection_bias_047_orig,pair_047,selection_bias,original,direct,adversarial,final_token,4,0.9667328596115112,0.03326714038848877
selection_bias_047_orig,pair_047,selection_bias,original,direct,adversarial,final_token,5,0.9673289060592651,0.03267109394073486
selection_bias_047_orig,pair_047,selection_bias,original,direct,adversarial,final_token,6,0.9665799736976624,0.033420026302337646
